variant_key	SNP	locus_500kb	gene_symbol	abc_score	cell_type	abc_class	distance	is_self_promoter	score_band	primary_axis	source_set
1:1774697	rs6603811	1:1500000	GNB1	0.040322	MM.1S-ENCODE	genic	48733.0	False	moderate_0.2_0.5	systemic_non_neural	lower_recurrence_exact
1:1774697	rs6603811	1:1500000	GNB1	0.035535	OCI-LY7-ENCODE	genic	48542.0	False	moderate_0.2_0.5	systemic_non_neural	lower_recurrence_exact
1:1774697	rs6603811	1:1500000	GNB1	0.039402	Karpas-422-ENCODE	genic	48096.0	False	moderate_0.2_0.5	systemic_non_neural	lower_recurrence_exact
1:9960836	rs6673580	1:9500000	LZIC	0.017735	MDA-MB-231	genic	43025.5	False	moderate_0.2_0.5	systemic_non_neural	lower_recurrence_exact
1:9960836	rs6673580	1:9500000	NMNAT1	0.017735	MDA-MB-231	genic	43025.5	False	moderate_0.2_0.5	systemic_non_neural	lower_recurrence_exact
1:9960836	rs6673580	1:9500000	NMNAT1	0.018702	CD14-positive_monocytes-Roadmap	genic	42833.5	False	moderate_0.2_0.5	systemic_non_neural	lower_recurrence_exact
1:9960836	rs6673580	1:9500000	LZIC	0.018702	CD14-positive_monocytes-Roadmap	genic	42833.5	False	moderate_0.2_0.5	systemic_non_neural	lower_recurrence_exact
1:9960836	rs6673580	1:9500000	LZIC	0.023157	body_of_pancreas-ENCODE	genic	42844.0	False	moderate_0.2_0.5	systemic_non_neural	lower_recurrence_exact
1:9960836	rs6673580	1:9500000	NMNAT1	0.023157	body_of_pancreas-ENCODE	genic	42844.0	False	moderate_0.2_0.5	systemic_non_neural	lower_recurrence_exact
1:9960836	rs6673580	1:9500000	NMNAT1	0.015915	small_intestine_fetal-Roadmap	genic	42164.5	False	moderate_0.2_0.5	systemic_non_neural	lower_recurrence_exact
1:9960836	rs6673580	1:9500000	LZIC	0.015915	small_intestine_fetal-Roadmap	genic	42164.5	False	moderate_0.2_0.5	systemic_non_neural	lower_recurrence_exact
1:9960836	rs6673580	1:9500000	UBE4B	0.018649	pancreas-Roadmap	genic	132288.5	False	moderate_0.2_0.5	systemic_non_neural	lower_recurrence_exact
1:9960836	rs6673580	1:9500000	NMNAT1	0.028094	pancreas-Roadmap	genic	42733.5	False	moderate_0.2_0.5	systemic_non_neural	lower_recurrence_exact
1:9960836	rs6673580	1:9500000	LZIC	0.028094	pancreas-Roadmap	genic	42733.5	False	moderate_0.2_0.5	systemic_non_neural	lower_recurrence_exact
1:9960836	rs6673580	1:9500000	LZIC	0.021438	megakaryocyte-erythroid_progenitor-Corces2016	genic	42789.0	False	moderate_0.2_0.5	systemic_non_neural	lower_recurrence_exact
1:9960836	rs6673580	1:9500000	NMNAT1	0.021438	megakaryocyte-erythroid_progenitor-Corces2016	genic	42789.0	False	moderate_0.2_0.5	systemic_non_neural	lower_recurrence_exact
1:9960836	rs6673580	1:9500000	NMNAT1	0.019468	CD14-positive_monocyte_treated_with_LPS_4h-Novakovic2016	genic	42734.0	False	moderate_0.2_0.5	systemic_non_neural	lower_recurrence_exact
1:9960836	rs6673580	1:9500000	LZIC	0.019468	CD14-positive_monocyte_treated_with_LPS_4h-Novakovic2016	genic	42734.0	False	moderate_0.2_0.5	systemic_non_neural	lower_recurrence_exact
1:9960836	rs6673580	1:9500000	LZIC	0.027	CD14-positive_monocyte-ENCODE	genic	42731.0	False	moderate_0.2_0.5	systemic_non_neural	lower_recurrence_exact
1:9960836	rs6673580	1:9500000	UBE4B	0.018006	CD14-positive_monocyte-ENCODE	genic	132286.0	False	moderate_0.2_0.5	systemic_non_neural	lower_recurrence_exact
1:9960836	rs6673580	1:9500000	RBP7	0.016132	CD14-positive_monocyte-ENCODE	genic	96500.0	False	moderate_0.2_0.5	systemic_non_neural	lower_recurrence_exact
1:9960836	rs6673580	1:9500000	NMNAT1	0.027	CD14-positive_monocyte-ENCODE	genic	42731.0	False	moderate_0.2_0.5	systemic_non_neural	lower_recurrence_exact
1:9960836	rs6673580	1:9500000	NMNAT1	0.018076	CD14-positive_monocyte_treated_with_BG_4h-Novakovic2016	genic	42776.0	False	moderate_0.2_0.5	systemic_non_neural	lower_recurrence_exact
1:9960836	rs6673580	1:9500000	LZIC	0.018076	CD14-positive_monocyte_treated_with_BG_4h-Novakovic2016	genic	42776.0	False	moderate_0.2_0.5	systemic_non_neural	lower_recurrence_exact
1:9960836	rs6673580	1:9500000	NMNAT1	0.024517	liver-ENCODE	genic	42747.0	False	moderate_0.2_0.5	systemic_non_neural	lower_recurrence_exact
1:9960836	rs6673580	1:9500000	UBE4B	0.015601	liver-ENCODE	genic	132302.0	False	moderate_0.2_0.5	systemic_non_neural	lower_recurrence_exact
1:9960836	rs6673580	1:9500000	LZIC	0.024517	liver-ENCODE	genic	42747.0	False	moderate_0.2_0.5	systemic_non_neural	lower_recurrence_exact
1:42675394	rs4660654	1:42500000	PPIH	0.015864	trophoblast_cell-ENCODE	genic	448096.0	False	moderate_0.2_0.5	systemic_other	lower_recurrence_exact
1:89989856	rs2816866	1:89500000	LRRC8D	0.019519	uterus-ENCODE	intergenic	297351.0	False	moderate_0.2_0.5	systemic_non_neural	core_exact_n10
1:89990538	rs2490113	1:89500000	LRRC8D	0.019519	uterus-ENCODE	intergenic	297351.0	False	moderate_0.2_0.5	systemic_non_neural	core_exact_n10
1:89989856	rs2816866	1:89500000	LRRC8D	0.025336	spinal_cord_fetal-ENCODE	intergenic	297336.0	False	moderate_0.2_0.5	systemic_non_neural	core_exact_n10
1:89990538	rs2490113	1:89500000	LRRC8D	0.025336	spinal_cord_fetal-ENCODE	intergenic	297336.0	False	moderate_0.2_0.5	systemic_non_neural	core_exact_n10
1:89989856	rs2816866	1:89500000	LRRC8D	0.035076	adrenal_gland_fetal-ENCODE	intergenic	297197.0	False	moderate_0.2_0.5	systemic_non_neural	core_exact_n10
1:89990538	rs2490113	1:89500000	LRRC8D	0.035076	adrenal_gland_fetal-ENCODE	intergenic	297197.0	False	moderate_0.2_0.5	systemic_non_neural	core_exact_n10
1:89989856	rs2816866	1:89500000	LRRC8D	0.016468	HT29	intergenic	297174.5	False	moderate_0.2_0.5	systemic_non_neural	core_exact_n10
1:89990538	rs2490113	1:89500000	LRRC8D	0.016468	HT29	intergenic	297174.5	False	moderate_0.2_0.5	systemic_non_neural	core_exact_n10
1:89989856	rs2816866	1:89500000	LRRC8D	0.018714	HAP1	intergenic	297559.0	False	moderate_0.2_0.5	systemic_non_neural	core_exact_n10
1:89990538	rs2490113	1:89500000	LRRC8D	0.018714	HAP1	intergenic	297559.0	False	moderate_0.2_0.5	systemic_non_neural	core_exact_n10
1:89989856	rs2816866	1:89500000	LRRC8D	0.024947	CD19-positive_B_cell-Roadmap	intergenic	297242.5	False	moderate_0.2_0.5	systemic_non_neural	core_exact_n10
1:89990538	rs2490113	1:89500000	LRRC8D	0.024947	CD19-positive_B_cell-Roadmap	intergenic	297242.5	False	moderate_0.2_0.5	systemic_non_neural	core_exact_n10
1:89989856	rs2816866	1:89500000	LRRC8D	0.017775	large_intestine_fetal-Roadmap	intergenic	297212.0	False	moderate_0.2_0.5	systemic_non_neural	core_exact_n10
1:89990538	rs2490113	1:89500000	LRRC8D	0.017775	large_intestine_fetal-Roadmap	intergenic	297212.0	False	moderate_0.2_0.5	systemic_non_neural	core_exact_n10
1:89989856	rs2816866	1:89500000	LRRC8D	0.016681	T-cell-ENCODE	intergenic	297054.0	False	moderate_0.2_0.5	systemic_non_neural	core_exact_n10
1:89990538	rs2490113	1:89500000	LRRC8D	0.016681	T-cell-ENCODE	intergenic	297054.0	False	moderate_0.2_0.5	systemic_non_neural	core_exact_n10
1:89989856	rs2816866	1:89500000	LRRC8D	0.030054	body_of_pancreas-ENCODE	intergenic	297184.5	False	moderate_0.2_0.5	systemic_non_neural	core_exact_n10
1:89990538	rs2490113	1:89500000	LRRC8D	0.030054	body_of_pancreas-ENCODE	intergenic	297184.5	False	moderate_0.2_0.5	systemic_non_neural	core_exact_n10
1:89989856	rs2816866	1:89500000	LRRC8D	0.028588	iPS_DF_19.11_Cell_Line-Roadmap	intergenic	297099.0	False	moderate_0.2_0.5	systemic_non_neural	core_exact_n10
1:89990538	rs2490113	1:89500000	LRRC8D	0.028588	iPS_DF_19.11_Cell_Line-Roadmap	intergenic	297099.0	False	moderate_0.2_0.5	systemic_non_neural	core_exact_n10
1:89989856	rs2816866	1:89500000	LRRC8D	0.01818	CD34-positive_mobilized-Roadmap	intergenic	296994.5	False	moderate_0.2_0.5	systemic_non_neural	core_exact_n10
1:89990538	rs2490113	1:89500000	LRRC8D	0.01818	CD34-positive_mobilized-Roadmap	intergenic	296994.5	False	moderate_0.2_0.5	systemic_non_neural	core_exact_n10
1:89989856	rs2816866	1:89500000	LRRC8D	0.026671	gastrocnemius_medialis-ENCODE	intergenic	297099.5	False	moderate_0.2_0.5	systemic_non_neural	core_exact_n10
1:89990538	rs2490113	1:89500000	LRRC8D	0.026671	gastrocnemius_medialis-ENCODE	intergenic	297099.5	False	moderate_0.2_0.5	systemic_non_neural	core_exact_n10
1:89989856	rs2816866	1:89500000	LRRC8D	0.019478	H7	intergenic	297186.5	False	moderate_0.2_0.5	systemic_non_neural	core_exact_n10
1:89990538	rs2490113	1:89500000	LRRC8D	0.019478	H7	intergenic	297186.5	False	moderate_0.2_0.5	systemic_non_neural	core_exact_n10
1:89989856	rs2816866	1:89500000	LRRC8D	0.018179	CD8-positive_alpha-beta_T_cell-ENCODE	intergenic	297090.5	False	moderate_0.2_0.5	systemic_non_neural	core_exact_n10
1:89990538	rs2490113	1:89500000	LRRC8D	0.018179	CD8-positive_alpha-beta_T_cell-ENCODE	intergenic	297090.5	False	moderate_0.2_0.5	systemic_non_neural	core_exact_n10
1:89989856	rs2816866	1:89500000	LRRC8D	0.016631	bipolar_neuron_from_iPSC-ENCODE	intergenic	297039.0	False	moderate_0.2_0.5	systemic_non_neural	core_exact_n10
1:89990538	rs2490113	1:89500000	LRRC8D	0.016631	bipolar_neuron_from_iPSC-ENCODE	intergenic	297039.0	False	moderate_0.2_0.5	systemic_non_neural	core_exact_n10
1:89989856	rs2816866	1:89500000	LRRC8D	0.026274	H1-hESC-Roadmap	intergenic	297212.0	False	moderate_0.2_0.5	systemic_non_neural	core_exact_n10
1:89990538	rs2490113	1:89500000	LRRC8D	0.026274	H1-hESC-Roadmap	intergenic	297212.0	False	moderate_0.2_0.5	systemic_non_neural	core_exact_n10
1:89989856	rs2816866	1:89500000	LRRC8D	0.018721	H1_Derived_Neuronal_Progenitor_Cultured_Cells-Roadmap	intergenic	297054.5	False	moderate_0.2_0.5	systemic_non_neural	core_exact_n10
1:89990538	rs2490113	1:89500000	LRRC8D	0.018721	H1_Derived_Neuronal_Progenitor_Cultured_Cells-Roadmap	intergenic	297054.5	False	moderate_0.2_0.5	systemic_non_neural	core_exact_n10
1:89989856	rs2816866	1:89500000	LRRC8D	0.027096	stomach_fetal-Roadmap	intergenic	297124.0	False	moderate_0.2_0.5	systemic_non_neural	core_exact_n10
1:89990538	rs2490113	1:89500000	LRRC8D	0.027096	stomach_fetal-Roadmap	intergenic	297124.0	False	moderate_0.2_0.5	systemic_non_neural	core_exact_n10
1:89989856	rs2816866	1:89500000	LRRC8D	0.016003	H1_BMP4_Derived_Mesendoderm_Cultured_Cells-Roadmap	intergenic	297114.5	False	moderate_0.2_0.5	systemic_non_neural	core_exact_n10
1:89990538	rs2490113	1:89500000	LRRC8D	0.016003	H1_BMP4_Derived_Mesendoderm_Cultured_Cells-Roadmap	intergenic	297114.5	False	moderate_0.2_0.5	systemic_non_neural	core_exact_n10
1:89989856	rs2816866	1:89500000	LRRC8D	0.018041	HCT116-ENCODE	intergenic	297117.0	False	moderate_0.2_0.5	systemic_non_neural	core_exact_n10
1:89990538	rs2490113	1:89500000	LRRC8D	0.018041	HCT116-ENCODE	intergenic	297117.0	False	moderate_0.2_0.5	systemic_non_neural	core_exact_n10
1:89989856	rs2816866	1:89500000	LRRC8D	0.030311	psoas_muscle-Roadmap	intergenic	297090.5	False	moderate_0.2_0.5	systemic_non_neural	core_exact_n10
1:89990538	rs2490113	1:89500000	LRRC8D	0.030311	psoas_muscle-Roadmap	intergenic	297090.5	False	moderate_0.2_0.5	systemic_non_neural	core_exact_n10
1:89989856	rs2816866	1:89500000	LRRC8D	0.017179	H9-Roadmap	intergenic	297063.5	False	moderate_0.2_0.5	systemic_non_neural	core_exact_n10
1:89990538	rs2490113	1:89500000	LRRC8D	0.017179	H9-Roadmap	intergenic	297063.5	False	moderate_0.2_0.5	systemic_non_neural	core_exact_n10
1:89989856	rs2816866	1:89500000	LRRC8D	0.019314	LoVo	intergenic	297140.5	False	moderate_0.2_0.5	systemic_non_neural	core_exact_n10
1:89990538	rs2490113	1:89500000	LRRC8D	0.019314	LoVo	intergenic	297140.5	False	moderate_0.2_0.5	systemic_non_neural	core_exact_n10
1:89989856	rs2816866	1:89500000	LRRC8D	0.015733	ovary-Roadmap	intergenic	297232.0	False	moderate_0.2_0.5	systemic_non_neural	core_exact_n10
1:89990538	rs2490113	1:89500000	LRRC8D	0.015733	ovary-Roadmap	intergenic	297232.0	False	moderate_0.2_0.5	systemic_non_neural	core_exact_n10
1:89989856	rs2816866	1:89500000	LRRC8D	0.018192	megakaryocyte-erythroid_progenitor-Corces2016	intergenic	297378.0	False	moderate_0.2_0.5	systemic_non_neural	core_exact_n10
1:89989856	rs2816866	1:89500000	LRRC8D	0.023279	CD4-positive_helper_T_cell-ENCODE	intergenic	296818.0	False	moderate_0.2_0.5	systemic_non_neural	core_exact_n10
1:89990538	rs2490113	1:89500000	LRRC8D	0.023279	CD4-positive_helper_T_cell-ENCODE	intergenic	296818.0	False	moderate_0.2_0.5	systemic_non_neural	core_exact_n10
1:89989856	rs2816866	1:89500000	LRRC8D	0.02526	B_cell-ENCODE	intergenic	297037.0	False	moderate_0.2_0.5	systemic_non_neural	core_exact_n10
1:89990538	rs2490113	1:89500000	LRRC8D	0.02526	B_cell-ENCODE	intergenic	297037.0	False	moderate_0.2_0.5	systemic_non_neural	core_exact_n10
1:89989856	rs2816866	1:89500000	LRRC8D	0.015586	CD56-positive_natural_killer_cells-Roadmap	intergenic	296945.5	False	moderate_0.2_0.5	systemic_non_neural	core_exact_n10
1:89990538	rs2490113	1:89500000	LRRC8D	0.015586	CD56-positive_natural_killer_cells-Roadmap	intergenic	296945.5	False	moderate_0.2_0.5	systemic_non_neural	core_exact_n10
1:89989856	rs2816866	1:89500000	LRRC8D	0.022618	MCF-7-ENCODE	intergenic	297073.5	False	moderate_0.2_0.5	systemic_non_neural	core_exact_n10
1:89990538	rs2490113	1:89500000	LRRC8D	0.022618	MCF-7-ENCODE	intergenic	297073.5	False	moderate_0.2_0.5	systemic_non_neural	core_exact_n10
1:89989856	rs2816866	1:89500000	LRRC8D	0.022968	stomach-Roadmap	intergenic	297011.5	False	moderate_0.2_0.5	systemic_non_neural	core_exact_n10
1:89990538	rs2490113	1:89500000	LRRC8D	0.022968	stomach-Roadmap	intergenic	297011.5	False	moderate_0.2_0.5	systemic_non_neural	core_exact_n10
1:89989856	rs2816866	1:89500000	LRRC8D	0.021818	pancreas-Roadmap	intergenic	297070.5	False	moderate_0.2_0.5	systemic_non_neural	core_exact_n10
1:89990538	rs2490113	1:89500000	LRRC8D	0.021818	pancreas-Roadmap	intergenic	297070.5	False	moderate_0.2_0.5	systemic_non_neural	core_exact_n10
1:89989856	rs2816866	1:89500000	LRRC8D	0.021949	small_intestine_fetal-Roadmap	intergenic	296938.0	False	moderate_0.2_0.5	systemic_non_neural	core_exact_n10
1:89990538	rs2490113	1:89500000	LRRC8D	0.021949	small_intestine_fetal-Roadmap	intergenic	296938.0	False	moderate_0.2_0.5	systemic_non_neural	core_exact_n10
1:89989856	rs2816866	1:89500000	LRRC8D	0.02339	hepatocyte-ENCODE	intergenic	296876.0	False	moderate_0.2_0.5	systemic_non_neural	core_exact_n10
1:89990538	rs2490113	1:89500000	LRRC8D	0.02339	hepatocyte-ENCODE	intergenic	296876.0	False	moderate_0.2_0.5	systemic_non_neural	core_exact_n10
1:89990538	rs2490113	1:89500000	LRRC8D	0.017849	CD14-positive_monocyte_treated_with_BG_1h-Novakovic2016	intergenic	297228.0	False	moderate_0.2_0.5	systemic_non_neural	core_exact_n10
1:89990538	rs2490113	1:89500000	LRRC8D	0.024053	liver-ENCODE	intergenic	297062.0	False	moderate_0.2_0.5	systemic_non_neural	core_exact_n10
1:156478469	rs4453029	1:156000000	MEF2D	0.06868	psoas_muscle-Roadmap	intergenic	7861.0	False	moderate_0.2_0.5	systemic_non_neural	lower_recurrence_exact
1:156478469	rs4453029	1:156000000	MEF2D	0.082714	gastrocnemius_medialis-ENCODE	intergenic	7983.0	False	moderate_0.2_0.5	systemic_non_neural	lower_recurrence_exact
1:156478469	rs4453029	1:156000000	MEF2D	0.037594	GM12878-Roadmap	intergenic	7745.0	False	moderate_0.2_0.5	systemic_non_neural	lower_recurrence_exact
1:156478469	rs4453029	1:156000000	MEF2D	0.051644	ovary-Roadmap	intergenic	7736.0	False	moderate_0.2_0.5	systemic_non_neural	lower_recurrence_exact
1:156478469	rs4453029	1:156000000	MEF2D	0.032645	uterus-ENCODE	intergenic	7815.5	False	moderate_0.2_0.5	systemic_non_neural	lower_recurrence_exact
1:156478469	rs4453029	1:156000000	MEF2D	0.03214	dendritic_cell_treated_with_Lipopolysaccharide_100_ng-mL_for_1_hour-Garber2017	intergenic	7942.5	False	moderate_0.2_0.5	systemic_non_neural	lower_recurrence_exact
1:156478469	rs4453029	1:156000000	MEF2D	0.040575	transverse_colon-ENCODE	intergenic	7760.0	False	moderate_0.2_0.5	systemic_non_neural	lower_recurrence_exact
1:156478469	rs4453029	1:156000000	MEF2D	0.071274	sigmoid_colon-ENCODE	intergenic	7762.0	False	moderate_0.2_0.5	systemic_non_neural	lower_recurrence_exact
1:156478469	rs4453029	1:156000000	MEF2D	0.053466	coronary_artery-ENCODE	intergenic	7771.0	False	moderate_0.2_0.5	systemic_non_neural	lower_recurrence_exact
1:156478469	rs4453029	1:156000000	MEF2D	0.015773	myotube_originated_from_skeletal_muscle_myoblast-Roadmap	intergenic	7931.0	False	moderate_0.2_0.5	systemic_non_neural	lower_recurrence_exact
1:156478469	rs4453029	1:156000000	MEF2D	0.040905	adipose_tissue-ENCODE	intergenic	7830.0	False	moderate_0.2_0.5	systemic_non_neural	lower_recurrence_exact
1:156478469	rs4453029	1:156000000	MEF2D	0.02177	CD14-positive_monocyte_treated_with_RPMI_1h-Novakovic2016	intergenic	7832.0	False	moderate_0.2_0.5	systemic_non_neural	lower_recurrence_exact
1:156478469	rs4453029	1:156000000	MEF2D	0.036255	heart_ventricle-ENCODE	intergenic	7845.0	False	moderate_0.2_0.5	systemic_non_neural	lower_recurrence_exact
1:156478469	rs4453029	1:156000000	MEF2D	0.020416	THP-1_macrophage-VanBortle2017	intergenic	7857.0	False	moderate_0.2_0.5	systemic_non_neural	lower_recurrence_exact
1:156478469	rs4453029	1:156000000	MEF2D	0.027688	CD14-positive_monocyte-ENCODE	intergenic	7858.0	False	moderate_0.2_0.5	systemic_non_neural	lower_recurrence_exact
1:156478469	rs4453029	1:156000000	MEF2D	0.023955	CD14-positive_monocytes-Roadmap	intergenic	7863.0	False	moderate_0.2_0.5	systemic_non_neural	lower_recurrence_exact
1:156478469	rs4453029	1:156000000	MEF2D	0.016614	dendritic_cell_treated_with_Lipopolysaccharide_0_ng-mL_for_0_hour-Garber2017	intergenic	7895.0	False	moderate_0.2_0.5	systemic_non_neural	lower_recurrence_exact
1:156826905	rs7522395	1:156500000	INSRR	0.031647	SK-N-SH-ENCODE	genic	1697.0	False	moderate_0.2_0.5	neural_enriched	core_exact_n10
1:156826905	rs7522395	1:156500000	NTRK1	0.029308	SK-N-SH-ENCODE	genic	3655.0	False	moderate_0.2_0.5	neural_enriched	core_exact_n10
1:246591822	rs6702823	1:246500000	CNST	0.024521	MDA-MB-231	intergenic	137999.0	False	moderate_0.2_0.5	systemic_other	lower_recurrence_exact
2:65171134	rs138177811	2:65000000	CEP68	0.017135	gastrocnemius_medialis-ENCODE	intergenic	112325.0	False	moderate_0.2_0.5	systemic_other	lower_recurrence_exact
2:96818046	rs7608621	2:96500000	STARD7	0.023419	H1_Derived_Neuronal_Progenitor_Cultured_Cells-Roadmap	intergenic	56267.0	False	moderate_0.2_0.5	systemic_other	lower_recurrence_exact
2:96818046	rs7608621	2:96500000	CIAO1	0.023362	H1_Derived_Neuronal_Progenitor_Cultured_Cells-Roadmap	intergenic	113577.0	False	moderate_0.2_0.5	systemic_other	lower_recurrence_exact
3:31565288	rs10222558	3:31500000	STT3B	0.016326	Jurkat-Engreitz	intergenic	8687.0	False	moderate_0.2_0.5	systemic_non_neural	lower_recurrence_exact
4:8474391	rs2631735	4:8000000	CPZ	0.051525	adipose_tissue-ENCODE	genic	119960.5	False	moderate_0.2_0.5	neural_enriched	core_exact_n10
4:8474391	rs2631735	4:8000000	CPZ	0.028919	spinal_cord_fetal-ENCODE	genic	119768.0	False	moderate_0.2_0.5	neural_enriched	core_exact_n10
4:8474391	rs2631735	4:8000000	CPZ	0.073853	uterus-ENCODE	genic	119783.5	False	moderate_0.2_0.5	neural_enriched	core_exact_n10
5:1495648	rs36993	5:1000000	LPCAT1	0.036141	T-cell-ENCODE	genic	28784.5	False	moderate_0.2_0.5	systemic_non_neural	core_exact_n10
5:1495648	rs36993	5:1000000	LPCAT1	0.075119	B_cell-ENCODE	genic	28865.5	False	moderate_0.2_0.5	systemic_non_neural	core_exact_n10
5:1495648	rs36993	5:1000000	LPCAT1	0.092928	CD19-positive_B_cell-Roadmap	genic	28834.0	False	moderate_0.2_0.5	systemic_non_neural	core_exact_n10
5:1495648	rs36993	5:1000000	LPCAT1	0.08748	CD14-positive_monocyte-ENCODE	genic	28748.0	False	moderate_0.2_0.5	systemic_non_neural	core_exact_n10
5:1495648	rs36993	5:1000000	LPCAT1	0.109551	CD14-positive_monocytes-Roadmap	genic	28749.5	False	moderate_0.2_0.5	systemic_non_neural	core_exact_n10
5:1495648	rs36993	5:1000000	LPCAT1	0.060474	CD34-positive_mobilized-Roadmap	genic	28700.5	False	moderate_0.2_0.5	systemic_non_neural	core_exact_n10
5:1495648	rs36993	5:1000000	LPCAT1	0.035877	CD3-positive_T_cell-Roadmap	genic	28690.0	False	moderate_0.2_0.5	systemic_non_neural	core_exact_n10
5:1495648	rs36993	5:1000000	LPCAT1	0.075932	CD56-positive_natural_killer_cells-Roadmap	genic	28660.0	False	moderate_0.2_0.5	systemic_non_neural	core_exact_n10
5:1495648	rs36993	5:1000000	LPCAT1	0.134069	CD14-positive_monocyte_treated_with_LPS_1h-Novakovic2016	genic	28639.5	False	moderate_0.2_0.5	systemic_non_neural	core_exact_n10
5:1495648	rs36993	5:1000000	LPCAT1	0.094351	natural_killer_cell-Corces2016	genic	28656.5	False	moderate_0.2_0.5	systemic_non_neural	core_exact_n10
5:1495648	rs36993	5:1000000	LPCAT1	0.096426	CD14-positive_monocyte_treated_with_BG_1h-Novakovic2016	genic	28644.0	False	moderate_0.2_0.5	systemic_non_neural	core_exact_n10
5:1495648	rs36993	5:1000000	LPCAT1	0.023717	THP_pmaLPS_ATAC_0h	genic	28626.0	False	moderate_0.2_0.5	systemic_non_neural	core_exact_n10
5:1495648	rs36993	5:1000000	LPCAT1	0.03133	THP_pmaLPS_ATAC_48h	genic	28617.5	False	moderate_0.2_0.5	systemic_non_neural	core_exact_n10
5:1495648	rs36993	5:1000000	LPCAT1	0.026286	THP_pmaLPS_ATAC_1h	genic	28647.0	False	moderate_0.2_0.5	systemic_non_neural	core_exact_n10
5:1495648	rs36993	5:1000000	LPCAT1	0.018546	megakaryocyte-erythroid_progenitor-Corces2016	genic	28556.5	False	moderate_0.2_0.5	systemic_non_neural	core_exact_n10
5:1495648	rs36993	5:1000000	LPCAT1	0.028766	CD4-positive_helper_T_cell-ENCODE	genic	28431.0	False	moderate_0.2_0.5	systemic_non_neural	core_exact_n10
5:1495648	rs36993	5:1000000	LPCAT1	0.019478	THP_pmaLPS_ATAC_120h	genic	28446.5	False	moderate_0.2_0.5	systemic_non_neural	core_exact_n10
5:1495648	rs36993	5:1000000	LPCAT1	0.015131	THP_pmaLPS_ATAC_12h	genic	28519.0	False	moderate_0.2_0.5	systemic_non_neural	core_exact_n10
5:1495648	rs36993	5:1000000	LPCAT1	0.01583	THP1_LPS_4hr-Engreitz	genic	28501.0	False	moderate_0.2_0.5	systemic_non_neural	core_exact_n10
5:1495648	rs36993	5:1000000	LPCAT1	0.019053	THP_pmaLPS_ATAC_72h	genic	28496.0	False	moderate_0.2_0.5	systemic_non_neural	core_exact_n10
5:1495648	rs36993	5:1000000	LPCAT1	0.020123	THP_pmaLPS_ATAC_96h	genic	28454.0	False	moderate_0.2_0.5	systemic_non_neural	core_exact_n10
5:1495648	rs36993	5:1000000	LPCAT1	0.017606	THP-1_monocyte-VanBortle2017	genic	28451.0	False	moderate_0.2_0.5	systemic_non_neural	core_exact_n10
5:14809959	rs42679	5:14500000	ANKH	0.047398	CD14-positive_monocytes-Roadmap	genic	62088.5	False	moderate_0.2_0.5	neuro_systemic	lower_recurrence_exact
5:14809959	rs42679	5:14500000	ANKH	0.046066	CD56-positive_natural_killer_cells-Roadmap	genic	62087.5	False	moderate_0.2_0.5	neuro_systemic	lower_recurrence_exact
5:14809959	rs42679	5:14500000	ANKH	0.051756	CD14-positive_monocyte-ENCODE	genic	62025.0	False	moderate_0.2_0.5	neuro_systemic	lower_recurrence_exact
5:14809959	rs42679	5:14500000	ANKH	0.074258	GM12878-Roadmap	genic	61720.5	False	moderate_0.2_0.5	neuro_systemic	lower_recurrence_exact
5:14809959	rs42679	5:14500000	ANKH	0.032396	T-cell-ENCODE	genic	62088.5	False	moderate_0.2_0.5	neuro_systemic	lower_recurrence_exact
5:14809959	rs42679	5:14500000	ANKH	0.036414	CD3-positive_T_cell-Roadmap	genic	62061.0	False	moderate_0.2_0.5	neuro_systemic	lower_recurrence_exact
5:14809959	rs42679	5:14500000	ANKH	0.070893	HCT116-ENCODE	genic	61852.0	False	moderate_0.2_0.5	neuro_systemic	lower_recurrence_exact
5:14809959	rs42679	5:14500000	ANKH	0.024442	CD19-positive_B_cell-Roadmap	genic	61942.5	False	moderate_0.2_0.5	neuro_systemic	lower_recurrence_exact
5:14809959	rs42679	5:14500000	ANKH	0.044741	CD8-positive_alpha-beta_T_cell-ENCODE	genic	61968.0	False	moderate_0.2_0.5	neuro_systemic	lower_recurrence_exact
5:14809959	rs42679	5:14500000	ANKH	0.040856	CD14-positive_monocyte_treated_with_BG_d6-Novakovic2016	genic	62007.0	False	moderate_0.2_0.5	neuro_systemic	lower_recurrence_exact
5:14809959	rs42679	5:14500000	ANKH	0.05021	MM.1S-ENCODE	genic	61596.0	False	moderate_0.2_0.5	neuro_systemic	lower_recurrence_exact
5:14809959	rs42679	5:14500000	ANKH	0.015427	endothelial_cell_of_umbilical_vein-Roadmap	genic	62059.0	False	moderate_0.2_0.5	neuro_systemic	lower_recurrence_exact
5:14809959	rs42679	5:14500000	ANKH	0.050556	dendritic_cell_treated_with_Lipopolysaccharide_100_ng-mL_for_2_hour-Garber2017	genic	62024.5	False	moderate_0.2_0.5	neuro_systemic	lower_recurrence_exact
5:14809959	rs42679	5:14500000	ANKH	0.023393	HT29	genic	62022.5	False	moderate_0.2_0.5	neuro_systemic	lower_recurrence_exact
5:14809959	rs42679	5:14500000	ANKH	0.039417	OCI-LY7-ENCODE	genic	62027.5	False	moderate_0.2_0.5	neuro_systemic	lower_recurrence_exact
5:14809959	rs42679	5:14500000	ANKH	0.044816	liver-ENCODE	genic	61664.5	False	moderate_0.2_0.5	neuro_systemic	lower_recurrence_exact
5:14809959	rs42679	5:14500000	ANKH	0.065441	CD14-positive_monocyte_treated_with_LPS_4h-Novakovic2016	genic	61989.0	False	moderate_0.2_0.5	neuro_systemic	lower_recurrence_exact
5:14809959	rs42679	5:14500000	ANKH	0.058786	CD14-positive_monocyte_treated_with_RPMI_d6-Novakovic2016	genic	61987.5	False	moderate_0.2_0.5	neuro_systemic	lower_recurrence_exact
5:14809959	rs42679	5:14500000	ANKH	0.067512	CD14-positive_monocyte_treated_with_RPMI_4h-Novakovic2016	genic	61966.0	False	moderate_0.2_0.5	neuro_systemic	lower_recurrence_exact
5:14809959	rs42679	5:14500000	ANKH	0.029543	B_cell-ENCODE	genic	61886.5	False	moderate_0.2_0.5	neuro_systemic	lower_recurrence_exact
5:14809959	rs42679	5:14500000	ANKH	0.027913	osteoblast-ENCODE	genic	61962.0	False	moderate_0.2_0.5	neuro_systemic	lower_recurrence_exact
5:14809959	rs42679	5:14500000	ANKH	0.059564	THP_pmaLPS_ATAC_12h	genic	61951.0	False	moderate_0.2_0.5	neuro_systemic	lower_recurrence_exact
5:14809959	rs42679	5:14500000	ANKH	0.047869	THP_pmaLPS_ATAC_72h	genic	61950.0	False	moderate_0.2_0.5	neuro_systemic	lower_recurrence_exact
5:14809959	rs42679	5:14500000	ANKH	0.061192	THP_pmaLPS_ATAC_6h	genic	61949.0	False	moderate_0.2_0.5	neuro_systemic	lower_recurrence_exact
5:14809959	rs42679	5:14500000	ANKH	0.026627	MCF10A_treated_with_TAM24hr-Ji2017	genic	61948.0	False	moderate_0.2_0.5	neuro_systemic	lower_recurrence_exact
5:14809959	rs42679	5:14500000	ANKH	0.02953	thymus_fetal-Roadmap	genic	61805.0	False	moderate_0.2_0.5	neuro_systemic	lower_recurrence_exact
5:14809959	rs42679	5:14500000	ANKH	0.016685	psoas_muscle-Roadmap	genic	61939.0	False	moderate_0.2_0.5	neuro_systemic	lower_recurrence_exact
5:14809959	rs42679	5:14500000	ANKH	0.020858	fibroblast_of_dermis-Roadmap	genic	61939.0	False	moderate_0.2_0.5	neuro_systemic	lower_recurrence_exact
5:14809959	rs42679	5:14500000	ANKH	0.054642	THP_pmaLPS_ATAC_96h	genic	61939.0	False	moderate_0.2_0.5	neuro_systemic	lower_recurrence_exact
5:14809959	rs42679	5:14500000	ANKH	0.01883	IMR90-Roadmap	genic	61934.0	False	moderate_0.2_0.5	neuro_systemic	lower_recurrence_exact
5:14809959	rs42679	5:14500000	ANKH	0.045385	THP_pmaLPS_ATAC_2h	genic	61934.0	False	moderate_0.2_0.5	neuro_systemic	lower_recurrence_exact
5:14809959	rs42679	5:14500000	ANKH	0.02386	MCF10A-Ji2017	genic	61932.0	False	moderate_0.2_0.5	neuro_systemic	lower_recurrence_exact
5:14809959	rs42679	5:14500000	ANKH	0.037188	CD34-positive_mobilized-Roadmap	genic	61926.0	False	moderate_0.2_0.5	neuro_systemic	lower_recurrence_exact
5:14809959	rs42679	5:14500000	ANKH	0.038443	foreskin_fibroblast-Roadmap	genic	61925.0	False	moderate_0.2_0.5	neuro_systemic	lower_recurrence_exact
5:14809959	rs42679	5:14500000	ANKH	0.018406	HeLa-S3-Roadmap	genic	61925.0	False	moderate_0.2_0.5	neuro_systemic	lower_recurrence_exact
5:14809959	rs42679	5:14500000	ANKH	0.01756	fibroblast_of_arm-ENCODE	genic	61924.0	False	moderate_0.2_0.5	neuro_systemic	lower_recurrence_exact
5:14809959	rs42679	5:14500000	ANKH	0.019564	K562-Roadmap	genic	61923.0	False	moderate_0.2_0.5	neuro_systemic	lower_recurrence_exact
5:14809959	rs42679	5:14500000	ANKH	0.050609	THP_pmaLPS_ATAC_1h	genic	61921.0	False	moderate_0.2_0.5	neuro_systemic	lower_recurrence_exact
5:14809959	rs42679	5:14500000	ANKH	0.049518	THP_pmaLPS_ATAC_0h	genic	61917.0	False	moderate_0.2_0.5	neuro_systemic	lower_recurrence_exact
5:14809959	rs42679	5:14500000	ANKH	0.057101	THP_pmaLPS_ATAC_24h	genic	61917.0	False	moderate_0.2_0.5	neuro_systemic	lower_recurrence_exact
5:14809959	rs42679	5:14500000	ANKH	0.022732	fibroblast_of_lung-Roadmap	genic	61917.0	False	moderate_0.2_0.5	neuro_systemic	lower_recurrence_exact
5:14809959	rs42679	5:14500000	ANKH	0.048878	THP1_LPS_4hr-Engreitz	genic	61902.0	False	moderate_0.2_0.5	neuro_systemic	lower_recurrence_exact
5:14809959	rs42679	5:14500000	ANKH	0.034942	natural_killer_cell-Corces2016	genic	61902.0	False	moderate_0.2_0.5	neuro_systemic	lower_recurrence_exact
5:14809959	rs42679	5:14500000	ANKH	0.034374	CD4-positive_helper_T_cell-ENCODE	genic	61899.0	False	moderate_0.2_0.5	neuro_systemic	lower_recurrence_exact
5:14809959	rs42679	5:14500000	ANKH	0.015826	MDA-MB-231	genic	61895.0	False	moderate_0.2_0.5	neuro_systemic	lower_recurrence_exact
5:14809959	rs42679	5:14500000	ANKH	0.028466	CD8-positive_alpha-beta_T_cell-Corces2016	genic	61894.0	False	moderate_0.2_0.5	neuro_systemic	lower_recurrence_exact
5:14809959	rs42679	5:14500000	ANKH	0.056347	THP1-Engreitz	genic	61893.0	False	moderate_0.2_0.5	neuro_systemic	lower_recurrence_exact
5:14809959	rs42679	5:14500000	ANKH	0.03783	dendritic_cell_treated_with_Lipopolysaccharide_100_ng-mL_for_1_hour-Garber2017	genic	61893.0	False	moderate_0.2_0.5	neuro_systemic	lower_recurrence_exact
5:14809959	rs42679	5:14500000	ANKH	0.044673	CD14-positive_monocyte_treated_with_RPMI_d1-Novakovic2016	genic	61893.0	False	moderate_0.2_0.5	neuro_systemic	lower_recurrence_exact
5:14809959	rs42679	5:14500000	ANKH	0.039071	CD14-positive_monocyte_treated_with_BG_4h-Novakovic2016	genic	61889.0	False	moderate_0.2_0.5	neuro_systemic	lower_recurrence_exact
5:14809959	rs42679	5:14500000	ANKH	0.051635	THP_pmaLPS_ATAC_48h	genic	61887.0	False	moderate_0.2_0.5	neuro_systemic	lower_recurrence_exact
5:14809959	rs42679	5:14500000	ANKH	0.039808	THP-1_monocyte-VanBortle2017	genic	61884.0	False	moderate_0.2_0.5	neuro_systemic	lower_recurrence_exact
5:14809959	rs42679	5:14500000	ANKH	0.045864	CD14-positive_monocyte-Novakovic2016	genic	61882.0	False	moderate_0.2_0.5	neuro_systemic	lower_recurrence_exact
5:14809959	rs42679	5:14500000	ANKH	0.017755	megakaryocyte-erythroid_progenitor-Corces2016	genic	61881.0	False	moderate_0.2_0.5	neuro_systemic	lower_recurrence_exact
5:14809959	rs42679	5:14500000	ANKH	0.038896	CD14-positive_monocyte_treated_with_LPS_1h-Novakovic2016	genic	61880.0	False	moderate_0.2_0.5	neuro_systemic	lower_recurrence_exact
5:14809959	rs42679	5:14500000	ANKH	0.021035	CD4-positive_helper_T_cell-Corces2016	genic	61876.0	False	moderate_0.2_0.5	neuro_systemic	lower_recurrence_exact
5:14809959	rs42679	5:14500000	ANKH	0.051358	CD14-positive_monocyte_treated_with_LPS_d6-Novakovic2016	genic	61872.0	False	moderate_0.2_0.5	neuro_systemic	lower_recurrence_exact
5:14809959	rs42679	5:14500000	ANKH	0.045773	THP_pmaLPS_ATAC_120h	genic	61872.0	False	moderate_0.2_0.5	neuro_systemic	lower_recurrence_exact
5:14809959	rs42679	5:14500000	ANKH	0.051451	dendritic_cell_treated_with_Lipopolysaccharide_100_ng-mL_for_4_hour-Garber2017	genic	61870.0	False	moderate_0.2_0.5	neuro_systemic	lower_recurrence_exact
5:14809959	rs42679	5:14500000	ANKH	0.045919	dendritic_cell_treated_with_Lipopolysaccharide_100_ng-mL_for_6_hour-Garber2017	genic	61867.0	False	moderate_0.2_0.5	neuro_systemic	lower_recurrence_exact
5:14809959	rs42679	5:14500000	ANKH	0.045681	CD14-positive_monocyte_treated_with_RPMI_1h-Novakovic2016	genic	61867.0	False	moderate_0.2_0.5	neuro_systemic	lower_recurrence_exact
5:14809959	rs42679	5:14500000	ANKH	0.031722	Jurkat-Engreitz	genic	61865.0	False	moderate_0.2_0.5	neuro_systemic	lower_recurrence_exact
5:14809959	rs42679	5:14500000	ANKH	0.07062	Jurkat_anti-CD3_PMA_4hr-Engreitz	genic	61863.0	False	moderate_0.2_0.5	neuro_systemic	lower_recurrence_exact
5:14809959	rs42679	5:14500000	ANKH	0.036081	U937_LPS_4hr-Engreitz	genic	61861.0	False	moderate_0.2_0.5	neuro_systemic	lower_recurrence_exact
5:14809959	rs42679	5:14500000	ANKH	0.042506	CD14-positive_monocyte_treated_with_BG_1h-Novakovic2016	genic	61859.0	False	moderate_0.2_0.5	neuro_systemic	lower_recurrence_exact
5:14809959	rs42679	5:14500000	ANKH	0.038879	dendritic_cell_treated_with_Lipopolysaccharide_0_ng-mL_for_0_hour-Garber2017	genic	61858.0	False	moderate_0.2_0.5	neuro_systemic	lower_recurrence_exact
5:14809959	rs42679	5:14500000	ANKH	0.057784	THP-1_macrophage-VanBortle2017	genic	61857.0	False	moderate_0.2_0.5	neuro_systemic	lower_recurrence_exact
5:14809959	rs42679	5:14500000	ANKH	0.04423	CD14-positive_monocyte_treated_with_LPS_d1-Novakovic2016	genic	61856.0	False	moderate_0.2_0.5	neuro_systemic	lower_recurrence_exact
5:14809959	rs42679	5:14500000	ANKH	0.024709	CD14-positive_monocyte_treated_with_BG_d1-Novakovic2016	genic	61852.0	False	moderate_0.2_0.5	neuro_systemic	lower_recurrence_exact
5:14809959	rs42679	5:14500000	ANKH	0.030095	U937-Engreitz	genic	61851.0	False	moderate_0.2_0.5	neuro_systemic	lower_recurrence_exact
5:14809959	rs42679	5:14500000	ANKH	0.038849	dendritic_cell_treated_with_Lipopolysaccharide_100_ng-mL_for_30_minute-Garber2017	genic	61831.0	False	moderate_0.2_0.5	neuro_systemic	lower_recurrence_exact
5:16994695	rs7734046	5:16500000	MYO10	0.023814	H1_Derived_Neuronal_Progenitor_Cultured_Cells-Roadmap	intergenic	58140.0	False	moderate_0.2_0.5	neuro_systemic	lower_recurrence_exact
5:16994695	rs7734046	5:16500000	MYO10	0.036741	H1_BMP4_Derived_Trophoblast_Cultured_Cells-Roadmap	intergenic	58791.0	False	moderate_0.2_0.5	neuro_systemic	lower_recurrence_exact
5:43482713	rs6451706	5:43000000	C5ORF34	0.11573	fibroblast_of_arm-ENCODE	promoter	31499.5	False	moderate_0.2_0.5	systemic_other	lower_recurrence_exact
5:73691585	rs10942685	5:73500000	ARHGEF28	0.015938	keratinocyte-Roadmap	genic	769251.5	False	moderate_0.2_0.5	neural_enriched	lower_recurrence_exact
5:73691585	rs10942685	5:73500000	ARHGEF28	0.019421	epithelial_cell_of_prostate-ENCODE	genic	769249.0	False	moderate_0.2_0.5	neural_enriched	lower_recurrence_exact
5:92914109	rs1147165	5:92500000	NR2F1	0.033527	astrocyte-ENCODE	genic	4952.5	False	moderate_0.2_0.5	systemic_other	core_exact_n10
5:92914109	rs1147165	5:92500000	NR2F1	0.018177	B_cell-ENCODE	genic	4791.5	False	moderate_0.2_0.5	systemic_other	core_exact_n10
5:92914109	rs1147165	5:92500000	NR2F1	0.015718	CD4-positive_helper_T_cell-Corces2016	genic	4843.0	False	moderate_0.2_0.5	systemic_other	core_exact_n10
5:177508998	rs114422170	5:177500000	TMED9	0.028066	MCF-7-ENCODE	intergenic	489262.5	False	moderate_0.2_0.5	neuro_systemic	lower_recurrence_exact
6:3023484	rs927340	6:3000000	NQO2	0.12641	K562-Roadmap	genic	23346.5	False	moderate_0.2_0.5	systemic_non_neural	lower_recurrence_exact
6:3023484	rs927340	6:3000000	RIPK1	0.065445	K562-Roadmap	genic	40725.5	False	moderate_0.2_0.5	systemic_non_neural	lower_recurrence_exact
6:3023484	rs927340	6:3000000	NQO2	0.133736	CD14-positive_monocyte-ENCODE	genic	23601.0	False	moderate_0.2_0.5	systemic_non_neural	lower_recurrence_exact
6:3023484	rs927340	6:3000000	RIPK1	0.064381	CD14-positive_monocyte-ENCODE	genic	40471.0	False	moderate_0.2_0.5	systemic_non_neural	lower_recurrence_exact
6:3023484	rs927340	6:3000000	NQO2	0.082363	CD14-positive_monocyte_treated_with_BG_1h-Novakovic2016	genic	23324.5	False	moderate_0.2_0.5	systemic_non_neural	lower_recurrence_exact
6:3023484	rs927340	6:3000000	RIPK1	0.041358	CD14-positive_monocyte_treated_with_BG_1h-Novakovic2016	genic	40747.5	False	moderate_0.2_0.5	systemic_non_neural	lower_recurrence_exact
6:3023484	rs927340	6:3000000	RIPK1	0.039898	CD14-positive_monocyte_treated_with_RPMI_1h-Novakovic2016	genic	40777.5	False	moderate_0.2_0.5	systemic_non_neural	lower_recurrence_exact
6:3023484	rs927340	6:3000000	NQO2	0.077565	CD14-positive_monocyte_treated_with_RPMI_1h-Novakovic2016	genic	23294.5	False	moderate_0.2_0.5	systemic_non_neural	lower_recurrence_exact
6:3023484	rs927340	6:3000000	NQO2	0.063448	CD14-positive_monocyte_treated_with_LPS_4h-Novakovic2016	genic	23316.0	False	moderate_0.2_0.5	systemic_non_neural	lower_recurrence_exact
6:3023484	rs927340	6:3000000	RIPK1	0.02964	CD14-positive_monocyte_treated_with_LPS_4h-Novakovic2016	genic	40756.0	False	moderate_0.2_0.5	systemic_non_neural	lower_recurrence_exact
6:3023484	rs927340	6:3000000	RIPK1	0.041126	THP_pmaLPS_ATAC_120h	genic	40700.5	False	moderate_0.2_0.5	systemic_non_neural	lower_recurrence_exact
6:3023484	rs927340	6:3000000	NQO2	0.080462	THP_pmaLPS_ATAC_120h	genic	23371.5	False	moderate_0.2_0.5	systemic_non_neural	lower_recurrence_exact
6:3023484	rs927340	6:3000000	RIPK1	0.018483	THP1_LPS_4hr-Engreitz	genic	40736.0	False	moderate_0.2_0.5	systemic_non_neural	lower_recurrence_exact
6:3023484	rs927340	6:3000000	NQO2	0.040811	THP1_LPS_4hr-Engreitz	genic	23336.0	False	moderate_0.2_0.5	systemic_non_neural	lower_recurrence_exact
6:3023484	rs927340	6:3000000	NQO2	0.049385	H9-Roadmap	genic	23780.5	False	moderate_0.2_0.5	systemic_non_neural	lower_recurrence_exact
6:3023484	rs927340	6:3000000	RIPK1	0.02494	HT29	genic	40290.5	False	moderate_0.2_0.5	systemic_non_neural	lower_recurrence_exact
6:3023484	rs927340	6:3000000	NQO2	0.053479	HT29	genic	23781.5	False	moderate_0.2_0.5	systemic_non_neural	lower_recurrence_exact
6:3023484	rs927340	6:3000000	NQO2	0.039792	H1_BMP4_Derived_Mesendoderm_Cultured_Cells-Roadmap	genic	23800.0	False	moderate_0.2_0.5	systemic_non_neural	lower_recurrence_exact
6:3023484	rs927340	6:3000000	RIPK1	0.0197	H1_BMP4_Derived_Mesendoderm_Cultured_Cells-Roadmap	genic	40272.0	False	moderate_0.2_0.5	systemic_non_neural	lower_recurrence_exact
6:3023484	rs927340	6:3000000	NQO2	0.024875	gastrocnemius_medialis-ENCODE	genic	23483.0	False	moderate_0.2_0.5	systemic_non_neural	lower_recurrence_exact
6:43515140	rs12661262	6:43500000	POLH	0.016249	THP_pmaLPS_ATAC_12h	genic	28669.0	False	moderate_0.2_0.5	neuro_systemic	lower_recurrence_exact
6:43515140	rs12661262	6:43500000	POLH	0.019739	THP_pmaLPS_ATAC_24h	genic	28654.0	False	moderate_0.2_0.5	neuro_systemic	lower_recurrence_exact
6:43515140	rs12661262	6:43500000	POLH	0.015615	THP_pmaLPS_ATAC_48h	genic	28645.0	False	moderate_0.2_0.5	neuro_systemic	lower_recurrence_exact
6:110882216	rs1279596	6:110500000	GTF3C6	0.022298	thymus_fetal-Roadmap	intergenic	397628.0	False	moderate_0.2_0.5	systemic_non_neural	lower_recurrence_exact
7:1555432	rs17852421	7:1500000	PSMG3	0.016822	HeLa-S3-Roadmap	intergenic	54428.0	False	moderate_0.2_0.5	neural_enriched	lower_recurrence_exact
7:1555432	rs17852421	7:1500000	PSMG3	0.019116	placenta-Roadmap	intergenic	53724.5	False	moderate_0.2_0.5	neural_enriched	lower_recurrence_exact
7:4722512	rs7781456	7:4500000	FOXK1	0.22318	MDA-MB-231	promoter	921.5	True	moderate_0.2_0.5	systemic_non_neural	core_exact_n10
7:4722512	rs7781456	7:4500000	FOXK1	0.116836	psoas_muscle-Roadmap	promoter	960.0	True	moderate_0.2_0.5	systemic_non_neural	core_exact_n10
7:4722512	rs7781456	7:4500000	FOXK1	0.132385	gastrocnemius_medialis-ENCODE	promoter	782.0	True	moderate_0.2_0.5	systemic_non_neural	core_exact_n10
7:4722512	rs7781456	7:4500000	FOXK1	0.12874	dendritic_cell_treated_with_Lipopolysaccharide_100_ng-mL_for_4_hour-Garber2017	promoter	569.5	True	moderate_0.2_0.5	systemic_non_neural	core_exact_n10
7:44999010	rs6463259	7:44500000	MYO1G	0.015689	K562-Roadmap	intergenic	19775.0	False	moderate_0.2_0.5	systemic_non_neural	lower_recurrence_exact
7:44999282	rs2158564	7:44500000	MYO1G	0.015689	K562-Roadmap	intergenic	19775.0	False	moderate_0.2_0.5	systemic_non_neural	core_exact_n10
7:44999282	rs2158564	7:44500000	CCM2	0.017172	CD56-positive_natural_killer_cells-Roadmap	intergenic	40234.5	False	moderate_0.2_0.5	systemic_non_neural	core_exact_n10
7:44999282	rs2158564	7:44500000	MYO1G	0.029864	CD56-positive_natural_killer_cells-Roadmap	intergenic	19152.5	False	moderate_0.2_0.5	systemic_non_neural	core_exact_n10
7:44999282	rs2158564	7:44500000	MYO1G	0.025828	CD3-positive_T_cell-Roadmap	intergenic	19129.0	False	moderate_0.2_0.5	systemic_non_neural	core_exact_n10
7:75957218	rs4728533	7:75500000	POR	0.015779	CD34-positive_mobilized-Roadmap	genic	412770.0	False	moderate_0.2_0.5	systemic_non_neural	core_exact_n10
8:85513580	rs11782151	8:85500000	LRRCC1	0.02574	bipolar_neuron_from_iPSC-ENCODE	genic	506070.0	False	moderate_0.2_0.5	systemic_other	core_exact_n10
9:6566602	rs7039182	9:6500000	UHRF2	0.0819	epithelial_cell_of_prostate-ENCODE	genic	153670.0	False	moderate_0.2_0.5	systemic_other	lower_recurrence_exact
9:6566602	rs7039182	9:6500000	UHRF2	0.060017	Panc1-ENCODE	genic	153749.5	False	moderate_0.2_0.5	systemic_other	lower_recurrence_exact
9:6566602	rs7039182	9:6500000	UHRF2	0.04999	mammary_epithelial_cell-Roadmap	genic	153813.5	False	moderate_0.2_0.5	systemic_other	lower_recurrence_exact
9:6566602	rs7039182	9:6500000	UHRF2	0.032608	keratinocyte-Roadmap	genic	153394.0	False	moderate_0.2_0.5	systemic_other	lower_recurrence_exact
9:6566602	rs7039182	9:6500000	UHRF2	0.103129	MCF10A_treated_with_TAM24hr-Ji2017	genic	153865.5	False	moderate_0.2_0.5	systemic_other	lower_recurrence_exact
9:6566602	rs7039182	9:6500000	UHRF2	0.057789	foreskin_fibroblast-Roadmap	genic	153895.5	False	moderate_0.2_0.5	systemic_other	lower_recurrence_exact
9:6566602	rs7039182	9:6500000	UHRF2	0.064514	IMR90-Roadmap	genic	153895.5	False	moderate_0.2_0.5	systemic_other	lower_recurrence_exact
9:6566602	rs7039182	9:6500000	UHRF2	0.066483	HCT116-ENCODE	genic	153908.0	False	moderate_0.2_0.5	systemic_other	lower_recurrence_exact
9:6566602	rs7039182	9:6500000	UHRF2	0.020136	U937_LPS_4hr-Engreitz	genic	153459.0	False	moderate_0.2_0.5	systemic_other	lower_recurrence_exact
9:6566602	rs7039182	9:6500000	UHRF2	0.019408	U937-Engreitz	genic	153461.0	False	moderate_0.2_0.5	systemic_other	lower_recurrence_exact
9:6566602	rs7039182	9:6500000	UHRF2	0.034115	THP_pmaLPS_ATAC_24h	genic	153802.5	False	moderate_0.2_0.5	systemic_other	lower_recurrence_exact
9:6566602	rs7039182	9:6500000	UHRF2	0.05348	MDA-MB-231	genic	153838.0	False	moderate_0.2_0.5	systemic_other	lower_recurrence_exact
9:6566602	rs7039182	9:6500000	UHRF2	0.020533	PC-9-ENCODE	genic	153465.0	False	moderate_0.2_0.5	systemic_other	lower_recurrence_exact
9:6566602	rs7039182	9:6500000	UHRF2	0.064463	endothelial_cell_of_umbilical_vein-Roadmap	genic	153901.0	False	moderate_0.2_0.5	systemic_other	lower_recurrence_exact
9:6566602	rs7039182	9:6500000	UHRF2	0.057391	astrocyte-ENCODE	genic	153763.5	False	moderate_0.2_0.5	systemic_other	lower_recurrence_exact
9:6566602	rs7039182	9:6500000	UHRF2	0.047075	fibroblast_of_arm-ENCODE	genic	153910.0	False	moderate_0.2_0.5	systemic_other	lower_recurrence_exact
9:6566602	rs7039182	9:6500000	UHRF2	0.03358	HeLa-S3-Roadmap	genic	153868.0	False	moderate_0.2_0.5	systemic_other	lower_recurrence_exact
9:6566602	rs7039182	9:6500000	UHRF2	0.016282	THP_pmaLPS_ATAC_48h	genic	153479.0	False	moderate_0.2_0.5	systemic_other	lower_recurrence_exact
9:6566602	rs7039182	9:6500000	UHRF2	0.043674	H1_Derived_Mesenchymal_Stem_Cells-Roadmap	genic	153907.0	False	moderate_0.2_0.5	systemic_other	lower_recurrence_exact
9:6566602	rs7039182	9:6500000	UHRF2	0.035858	A549_treated_with_ethanol_0.02_percent_for_1_hour-Roadmap	genic	153903.0	False	moderate_0.2_0.5	systemic_other	lower_recurrence_exact
9:6566602	rs7039182	9:6500000	UHRF2	0.020482	dendritic_cell_treated_with_Lipopolysaccharide_100_ng-mL_for_6_hour-Garber2017	genic	153798.5	False	moderate_0.2_0.5	systemic_other	lower_recurrence_exact
9:6566602	rs7039182	9:6500000	UHRF2	0.054135	fibroblast_of_lung-Roadmap	genic	153773.0	False	moderate_0.2_0.5	systemic_other	lower_recurrence_exact
9:6566602	rs7039182	9:6500000	UHRF2	0.033389	myotube_originated_from_skeletal_muscle_myoblast-Roadmap	genic	153904.5	False	moderate_0.2_0.5	systemic_other	lower_recurrence_exact
9:6566602	rs7039182	9:6500000	UHRF2	0.050928	fibroblast_of_dermis-Roadmap	genic	153914.0	False	moderate_0.2_0.5	systemic_other	lower_recurrence_exact
9:6566602	rs7039182	9:6500000	UHRF2	0.069234	MCF10A-Ji2017	genic	153919.5	False	moderate_0.2_0.5	systemic_other	lower_recurrence_exact
9:6566602	rs7039182	9:6500000	UHRF2	0.016571	THP_pmaLPS_ATAC_96h	genic	153519.0	False	moderate_0.2_0.5	systemic_other	lower_recurrence_exact
9:33818743	rs216365	9:33500000	PRSS3	0.019215	hepatocyte-ENCODE	genic	68518.5	False	moderate_0.2_0.5	systemic_other	lower_recurrence_exact
9:36488264	rs13291966	9:36000000	RNF38	0.06426	H1_Derived_Neuronal_Progenitor_Cultured_Cells-Roadmap	intergenic	86994.0	False	moderate_0.2_0.5	systemic_non_neural	core_exact_n10
9:36488264	rs13291966	9:36000000	GNE	0.029232	H1_Derived_Neuronal_Progenitor_Cultured_Cells-Roadmap	intergenic	228794.0	False	moderate_0.2_0.5	systemic_non_neural	core_exact_n10
9:36488264	rs13291966	9:36000000	GNE	0.032801	spinal_cord_fetal-ENCODE	intergenic	228801.0	False	moderate_0.2_0.5	systemic_non_neural	core_exact_n10
9:36488264	rs13291966	9:36000000	RNF38	0.091323	spinal_cord_fetal-ENCODE	intergenic	87001.0	False	moderate_0.2_0.5	systemic_non_neural	core_exact_n10
9:36488264	rs13291966	9:36000000	RNF38	0.026753	bipolar_neuron_from_iPSC-ENCODE	intergenic	86898.5	False	moderate_0.2_0.5	systemic_non_neural	core_exact_n10
9:36488264	rs13291966	9:36000000	RNF38	0.047327	gastrocnemius_medialis-ENCODE	intergenic	87080.0	False	moderate_0.2_0.5	systemic_non_neural	core_exact_n10
9:36488264	rs13291966	9:36000000	GNE	0.018336	gastrocnemius_medialis-ENCODE	intergenic	228880.0	False	moderate_0.2_0.5	systemic_non_neural	core_exact_n10
9:36488264	rs13291966	9:36000000	GNE	0.02916	T-cell-ENCODE	intergenic	228967.0	False	moderate_0.2_0.5	systemic_non_neural	core_exact_n10
9:36488264	rs13291966	9:36000000	RNF38	0.066767	T-cell-ENCODE	intergenic	87167.0	False	moderate_0.2_0.5	systemic_non_neural	core_exact_n10
9:36488264	rs13291966	9:36000000	RNF38	0.037401	fibroblast_of_arm-ENCODE	intergenic	86972.0	False	moderate_0.2_0.5	systemic_non_neural	core_exact_n10
9:36488264	rs13291966	9:36000000	RNF38	0.031133	H1_Derived_Mesenchymal_Stem_Cells-Roadmap	intergenic	87104.5	False	moderate_0.2_0.5	systemic_non_neural	core_exact_n10
9:36488264	rs13291966	9:36000000	RNF38	0.035218	LoVo	intergenic	87111.5	False	moderate_0.2_0.5	systemic_non_neural	core_exact_n10
9:36488264	rs13291966	9:36000000	GNE	0.015859	Karpas-422-ENCODE	intergenic	229193.5	False	moderate_0.2_0.5	systemic_non_neural	core_exact_n10
9:36488264	rs13291966	9:36000000	RNF38	0.036968	Karpas-422-ENCODE	intergenic	87393.5	False	moderate_0.2_0.5	systemic_non_neural	core_exact_n10
9:36488264	rs13291966	9:36000000	GNE	0.027142	CD8-positive_alpha-beta_T_cell-ENCODE	intergenic	229051.0	False	moderate_0.2_0.5	systemic_non_neural	core_exact_n10
9:36488264	rs13291966	9:36000000	RNF38	0.063159	CD8-positive_alpha-beta_T_cell-ENCODE	intergenic	87251.0	False	moderate_0.2_0.5	systemic_non_neural	core_exact_n10
9:36488264	rs13291966	9:36000000	GNE	0.015024	OCI-LY7-ENCODE	intergenic	229200.0	False	moderate_0.2_0.5	systemic_non_neural	core_exact_n10
9:36488264	rs13291966	9:36000000	RNF38	0.034134	OCI-LY7-ENCODE	intergenic	87400.0	False	moderate_0.2_0.5	systemic_non_neural	core_exact_n10
9:36488264	rs13291966	9:36000000	RNF38	0.037007	MM.1S-ENCODE	intergenic	87192.0	False	moderate_0.2_0.5	systemic_non_neural	core_exact_n10
9:36488264	rs13291966	9:36000000	GNE	0.016901	MM.1S-ENCODE	intergenic	228992.0	False	moderate_0.2_0.5	systemic_non_neural	core_exact_n10
9:36488264	rs13291966	9:36000000	RNF38	0.034199	placenta-Roadmap	intergenic	87215.0	False	moderate_0.2_0.5	systemic_non_neural	core_exact_n10
9:36488264	rs13291966	9:36000000	GNE	0.022956	HepG2-Roadmap	intergenic	229084.0	False	moderate_0.2_0.5	systemic_non_neural	core_exact_n10
9:36488264	rs13291966	9:36000000	RNF38	0.050939	HepG2-Roadmap	intergenic	87284.0	False	moderate_0.2_0.5	systemic_non_neural	core_exact_n10
9:36488264	rs13291966	9:36000000	GNE	0.016375	muscle_of_trunk_fetal-Roadmap	intergenic	229186.5	False	moderate_0.2_0.5	systemic_non_neural	core_exact_n10
9:36488264	rs13291966	9:36000000	RNF38	0.052402	muscle_of_trunk_fetal-Roadmap	intergenic	87386.5	False	moderate_0.2_0.5	systemic_non_neural	core_exact_n10
9:36488264	rs13291966	9:36000000	GNE	0.02247	CD56-positive_natural_killer_cells-Roadmap	intergenic	229180.5	False	moderate_0.2_0.5	systemic_non_neural	core_exact_n10
9:36488264	rs13291966	9:36000000	RNF38	0.053143	CD56-positive_natural_killer_cells-Roadmap	intergenic	87380.5	False	moderate_0.2_0.5	systemic_non_neural	core_exact_n10
9:36488264	rs13291966	9:36000000	RNF38	0.041885	CD19-positive_B_cell-Roadmap	intergenic	87613.5	False	moderate_0.2_0.5	systemic_non_neural	core_exact_n10
9:36488264	rs13291966	9:36000000	GNE	0.018514	CD19-positive_B_cell-Roadmap	intergenic	229413.5	False	moderate_0.2_0.5	systemic_non_neural	core_exact_n10
9:36488264	rs13291966	9:36000000	GNE	0.023301	CD14-positive_monocyte-ENCODE	intergenic	229133.0	False	moderate_0.2_0.5	systemic_non_neural	core_exact_n10
9:36488264	rs13291966	9:36000000	RNF38	0.066307	CD14-positive_monocyte-ENCODE	intergenic	87333.0	False	moderate_0.2_0.5	systemic_non_neural	core_exact_n10
9:36488264	rs13291966	9:36000000	GNE	0.018917	muscle_of_leg_fetal-Roadmap	intergenic	229311.0	False	moderate_0.2_0.5	systemic_non_neural	core_exact_n10
9:36488264	rs13291966	9:36000000	RNF38	0.060849	muscle_of_leg_fetal-Roadmap	intergenic	87511.0	False	moderate_0.2_0.5	systemic_non_neural	core_exact_n10
9:36488264	rs13291966	9:36000000	GNE	0.024905	ovary-Roadmap	intergenic	229133.0	False	moderate_0.2_0.5	systemic_non_neural	core_exact_n10
9:36488264	rs13291966	9:36000000	RNF38	0.06725	ovary-Roadmap	intergenic	87333.0	False	moderate_0.2_0.5	systemic_non_neural	core_exact_n10
9:36488264	rs13291966	9:36000000	GNE	0.022979	stomach_fetal-Roadmap	intergenic	229241.5	False	moderate_0.2_0.5	systemic_non_neural	core_exact_n10
9:36488264	rs13291966	9:36000000	RNF38	0.063094	stomach_fetal-Roadmap	intergenic	87441.5	False	moderate_0.2_0.5	systemic_non_neural	core_exact_n10
9:36488264	rs13291966	9:36000000	RNF38	0.024252	HCT116-ENCODE	intergenic	87504.0	False	moderate_0.2_0.5	systemic_non_neural	core_exact_n10
9:36488264	rs13291966	9:36000000	RNF38	0.085913	liver-ENCODE	intergenic	87412.0	False	moderate_0.2_0.5	systemic_non_neural	core_exact_n10
9:36488264	rs13291966	9:36000000	GNE	0.033661	liver-ENCODE	intergenic	229212.0	False	moderate_0.2_0.5	systemic_non_neural	core_exact_n10
9:36488264	rs13291966	9:36000000	GNE	0.017577	psoas_muscle-Roadmap	intergenic	229362.5	False	moderate_0.2_0.5	systemic_non_neural	core_exact_n10
9:36488264	rs13291966	9:36000000	RNF38	0.046225	psoas_muscle-Roadmap	intergenic	87562.5	False	moderate_0.2_0.5	systemic_non_neural	core_exact_n10
9:36488264	rs13291966	9:36000000	RNF38	0.023202	large_intestine_fetal-Roadmap	intergenic	87554.0	False	moderate_0.2_0.5	systemic_non_neural	core_exact_n10
9:36488264	rs13291966	9:36000000	RNF38	0.020595	fibroblast_of_dermis-Roadmap	intergenic	87612.0	False	moderate_0.2_0.5	systemic_non_neural	core_exact_n10
9:36488264	rs13291966	9:36000000	RNF38	0.03263	GM12878-Roadmap	intergenic	87758.0	False	moderate_0.2_0.5	systemic_non_neural	core_exact_n10
9:36488264	rs13291966	9:36000000	RNF38	0.025753	HAP1	intergenic	87616.0	False	moderate_0.2_0.5	systemic_non_neural	core_exact_n10
9:36488264	rs13291966	9:36000000	RNF38	0.037416	CD34-positive_mobilized-Roadmap	intergenic	87628.0	False	moderate_0.2_0.5	systemic_non_neural	core_exact_n10
9:36488264	rs13291966	9:36000000	RNF38	0.015364	mammary_epithelial_cell-Roadmap	intergenic	87640.0	False	moderate_0.2_0.5	systemic_non_neural	core_exact_n10
9:36488264	rs13291966	9:36000000	RNF38	0.036488	H1-hESC-Roadmap	intergenic	87709.5	False	moderate_0.2_0.5	systemic_non_neural	core_exact_n10
9:36488264	rs13291966	9:36000000	GNE	0.017296	H1-hESC-Roadmap	intergenic	229509.5	False	moderate_0.2_0.5	systemic_non_neural	core_exact_n10
9:36488264	rs13291966	9:36000000	RNF38	0.024259	K562-Roadmap	intergenic	87792.5	False	moderate_0.2_0.5	systemic_non_neural	core_exact_n10
9:36488264	rs13291966	9:36000000	RNF38	0.050564	CD3-positive_T_cell-Roadmap	intergenic	87735.0	False	moderate_0.2_0.5	systemic_non_neural	core_exact_n10
9:36488264	rs13291966	9:36000000	GNE	0.022776	CD3-positive_T_cell-Roadmap	intergenic	229535.0	False	moderate_0.2_0.5	systemic_non_neural	core_exact_n10
9:36488264	rs13291966	9:36000000	RNF38	0.046612	adrenal_gland_fetal-ENCODE	intergenic	87795.5	False	moderate_0.2_0.5	systemic_non_neural	core_exact_n10
9:36488264	rs13291966	9:36000000	GNE	0.016927	adrenal_gland_fetal-ENCODE	intergenic	229595.5	False	moderate_0.2_0.5	systemic_non_neural	core_exact_n10
9:36488264	rs13291966	9:36000000	RNF38	0.043053	foreskin_fibroblast-Roadmap	intergenic	87636.0	False	moderate_0.2_0.5	systemic_non_neural	core_exact_n10
9:36488264	rs13291966	9:36000000	RNF38	0.040032	thymus_fetal-Roadmap	intergenic	87811.5	False	moderate_0.2_0.5	systemic_non_neural	core_exact_n10
9:36488264	rs13291966	9:36000000	GNE	0.016606	thymus_fetal-Roadmap	intergenic	229611.5	False	moderate_0.2_0.5	systemic_non_neural	core_exact_n10
9:36488264	rs13291966	9:36000000	RNF38	0.020285	fibroblast_of_lung-Roadmap	intergenic	87650.5	False	moderate_0.2_0.5	systemic_non_neural	core_exact_n10
9:36488264	rs13291966	9:36000000	RNF38	0.035345	A673-ENCODE	intergenic	87627.5	False	moderate_0.2_0.5	systemic_non_neural	core_exact_n10
9:36488264	rs13291966	9:36000000	RNF38	0.015833	H1_BMP4_Derived_Trophoblast_Cultured_Cells-Roadmap	intergenic	87773.5	False	moderate_0.2_0.5	systemic_non_neural	core_exact_n10
9:36488264	rs13291966	9:36000000	GNE	0.015862	induced_pluripotent_stem_cell-ENCODE	intergenic	229485.0	False	moderate_0.2_0.5	systemic_non_neural	core_exact_n10
9:36488264	rs13291966	9:36000000	RNF38	0.030597	induced_pluripotent_stem_cell-ENCODE	intergenic	87685.0	False	moderate_0.2_0.5	systemic_non_neural	core_exact_n10
9:36488264	rs13291966	9:36000000	RNF38	0.030909	H9-Roadmap	intergenic	87752.0	False	moderate_0.2_0.5	systemic_non_neural	core_exact_n10
9:36488264	rs13291966	9:36000000	GNE	0.015244	H9-Roadmap	intergenic	229552.0	False	moderate_0.2_0.5	systemic_non_neural	core_exact_n10
9:36488264	rs13291966	9:36000000	RNF38	0.032078	IMR90-Roadmap	intergenic	87653.5	False	moderate_0.2_0.5	systemic_non_neural	core_exact_n10
9:36488264	rs13291966	9:36000000	RNF38	0.041459	uterus-ENCODE	intergenic	87648.5	False	moderate_0.2_0.5	systemic_non_neural	core_exact_n10
9:36488264	rs13291966	9:36000000	GNE	0.015278	uterus-ENCODE	intergenic	229448.5	False	moderate_0.2_0.5	systemic_non_neural	core_exact_n10
9:36488264	rs13291966	9:36000000	RNF38	0.027379	MDA-MB-231	intergenic	87866.0	False	moderate_0.2_0.5	systemic_non_neural	core_exact_n10
9:36488264	rs13291966	9:36000000	RNF38	0.031372	iPS_DF_19.11_Cell_Line-Roadmap	intergenic	87725.5	False	moderate_0.2_0.5	systemic_non_neural	core_exact_n10
9:36488264	rs13291966	9:36000000	RNF38	0.020697	Panc1-ENCODE	intergenic	87866.5	False	moderate_0.2_0.5	systemic_non_neural	core_exact_n10
9:36488264	rs13291966	9:36000000	RNF38	0.018079	white_adipose-Loft2014	intergenic	87920.0	False	moderate_0.2_0.5	systemic_non_neural	core_exact_n10
9:36488264	rs13291966	9:36000000	RNF38	0.020082	SK-N-SH-ENCODE	intergenic	87943.0	False	moderate_0.2_0.5	systemic_non_neural	core_exact_n10
9:37432267	rs309455	9:37000000	GRHPR	0.019641	CD14-positive_monocyte_treated_with_LPS_4h-Novakovic2016	genic	9884.5	False	moderate_0.2_0.5	systemic_other	lower_recurrence_exact
11:1803377	rs4752761	11:1500000	SYT8	0.039605	U937_LPS_4hr-Engreitz	intergenic	52415.5	False	moderate_0.2_0.5	systemic_other	lower_recurrence_exact
11:1803377	rs4752761	11:1500000	SYT8	0.018014	CD14-positive_monocyte_treated_with_LPS_d6-Novakovic2016	intergenic	52136.0	False	moderate_0.2_0.5	systemic_other	lower_recurrence_exact
11:1892147	rs548195	11:1500000	LSP1	0.017661	T-cell-ENCODE	genic	17766.5	False	moderate_0.2_0.5	neural_enriched	core_exact_n10
11:1892147	rs548195	11:1500000	LSP1	0.031339	CD8-positive_alpha-beta_T_cell-Corces2016	genic	18005.5	False	moderate_0.2_0.5	neural_enriched	core_exact_n10
11:1892147	rs548195	11:1500000	LSP1	0.024207	spleen-ENCODE	genic	18070.0	False	moderate_0.2_0.5	neural_enriched	core_exact_n10
11:1892147	rs548195	11:1500000	LSP1	0.015757	CD3-positive_T_cell-Roadmap	genic	18082.0	False	moderate_0.2_0.5	neural_enriched	core_exact_n10
11:1892147	rs548195	11:1500000	LSP1	0.016238	CD8-positive_alpha-beta_T_cell-ENCODE	genic	18030.5	False	moderate_0.2_0.5	neural_enriched	core_exact_n10
11:1892147	rs548195	11:1500000	LSP1	0.026877	CD4-positive_helper_T_cell-Corces2016	genic	18105.5	False	moderate_0.2_0.5	neural_enriched	core_exact_n10
11:6497555	rs2555159	11:6000000	TIMM10B	0.078223	body_of_pancreas-ENCODE	genic	5283.5	False	hidden_lt0.2	systemic_non_neural	core_exact_n10
11:6497555	rs2555159	11:6000000	TIMM10B	0.015842	Panc1-ENCODE	genic	5274.0	False	hidden_lt0.2	systemic_non_neural	core_exact_n10
11:6497555	rs2555159	11:6000000	TIMM10B	0.015134	H9-Roadmap	genic	5289.0	False	hidden_lt0.2	systemic_non_neural	core_exact_n10
11:45921444	rs10838530	11:45500000	PHF21A	0.01988	spinal_cord_fetal-ENCODE	genic	221093.0	False	moderate_0.2_0.5	systemic_non_neural	lower_recurrence_exact
11:45921444	rs10838530	11:45500000	PHF21A	0.017121	body_of_pancreas-ENCODE	genic	221072.5	False	moderate_0.2_0.5	systemic_non_neural	lower_recurrence_exact
11:109998576	rs1648144	11:109500000	ZC3H12C	0.025727	A673-ENCODE	genic	34920.0	False	hidden_lt0.2	neural_enriched	core_exact_n10
12:15698531	rs11829666	12:15500000	EPS8	0.039191	THP_pmaLPS_ATAC_2h	intergenic	244440.5	False	moderate_0.2_0.5	systemic_non_neural	lower_recurrence_exact
12:15698531	rs11829666	12:15500000	EPS8	0.016316	CD14-positive_monocyte_treated_with_LPS_1h-Novakovic2016	intergenic	244421.5	False	moderate_0.2_0.5	systemic_non_neural	lower_recurrence_exact
12:15698531	rs11829666	12:15500000	EPS8	0.016873	THP_pmaLPS_ATAC_0h	intergenic	244060.0	False	moderate_0.2_0.5	systemic_non_neural	lower_recurrence_exact
12:15698531	rs11829666	12:15500000	EPS8	0.015451	THP_pmaLPS_ATAC_6h	intergenic	244025.0	False	moderate_0.2_0.5	systemic_non_neural	lower_recurrence_exact
12:122884582	rs1037593	12:122500000	ABCB9	0.01558	PC-9-ENCODE	genic	566353.0	False	moderate_0.2_0.5	systemic_non_neural	core_exact_n10
12:122884582	rs1037593	12:122500000	ABCB9	0.015335	MDA-MB-231	genic	566365.5	False	moderate_0.2_0.5	systemic_non_neural	core_exact_n10
12:122884582	rs1037593	12:122500000	ABCB9	0.015453	coronary_artery_smooth_muscle_cell-Miller2016	genic	566300.0	False	moderate_0.2_0.5	systemic_non_neural	core_exact_n10
14:75907846	rs8018962	14:75500000	FLVCR2	0.020528	fibroblast_of_dermis-Roadmap	genic	137088.0	False	moderate_0.2_0.5	neural_enriched	core_exact_n10
14:105433481	rs7144389	14:105000000	TEX22	0.0401	MCF10A_treated_with_TAM24hr-Ji2017	genic	430333.0	False	moderate_0.2_0.5	systemic_non_neural	core_exact_n10
15:31499633	rs898212	15:31000000	OTUD7A	0.015109	thymus_fetal-Roadmap	intergenic	663352.0	False	moderate_0.2_0.5	neuro_systemic	lower_recurrence_exact
15:48150085	rs12914834	15:48000000	MYEF2	0.018917	pancreas-Roadmap	intergenic	320739.5	False	moderate_0.2_0.5	systemic_other	lower_recurrence_exact
16:3124544	rs443540	16:3000000	IL32	0.089568	CD8-positive_alpha-beta_T_cell-ENCODE	intergenic	9569.0	False	moderate_0.2_0.5	systemic_other	lower_recurrence_exact
16:3124544	rs443540	16:3000000	ZNF205	0.019322	CD8-positive_alpha-beta_T_cell-ENCODE	intergenic	37681.0	False	moderate_0.2_0.5	systemic_other	lower_recurrence_exact
16:3124544	rs443540	16:3000000	IL32	0.061009	CD19-positive_B_cell-Roadmap	intergenic	9329.5	False	moderate_0.2_0.5	systemic_other	lower_recurrence_exact
16:3124544	rs443540	16:3000000	IL32	0.033366	CD3-positive_T_cell-Roadmap	intergenic	9101.0	False	moderate_0.2_0.5	systemic_other	lower_recurrence_exact
16:3124544	rs443540	16:3000000	ZNF205	0.027335	T-cell-ENCODE	intergenic	37232.0	False	moderate_0.2_0.5	systemic_other	lower_recurrence_exact
16:3124544	rs443540	16:3000000	ZNF213	0.017804	T-cell-ENCODE	intergenic	59726.0	False	moderate_0.2_0.5	systemic_other	lower_recurrence_exact
16:3124544	rs443540	16:3000000	IL32	0.06611	T-cell-ENCODE	intergenic	10018.0	False	moderate_0.2_0.5	systemic_other	lower_recurrence_exact
16:3124544	rs443540	16:3000000	IL32	0.131999	thymus_fetal-Roadmap	intergenic	10085.5	False	moderate_0.2_0.5	systemic_other	lower_recurrence_exact
16:3124544	rs443540	16:3000000	ZNF213	0.034407	thymus_fetal-Roadmap	intergenic	59658.5	False	moderate_0.2_0.5	systemic_other	lower_recurrence_exact
16:3124544	rs443540	16:3000000	ZNF205	0.047991	thymus_fetal-Roadmap	intergenic	37164.5	False	moderate_0.2_0.5	systemic_other	lower_recurrence_exact
16:20890191	rs7195273	16:20500000	ERI2	0.019464	coronary_artery-ENCODE	genic	72691.0	False	hidden_lt0.2	systemic_non_neural	core_exact_n10
16:20890191	rs7195273	16:20500000	ERI2	0.025532	large_intestine_fetal-Roadmap	genic	72688.0	False	hidden_lt0.2	systemic_non_neural	core_exact_n10
16:57227234	rs11643790	16:57000000	RSPRY1	0.081072	MDA-MB-231	genic	7357.5	False	moderate_0.2_0.5	systemic_non_neural	lower_recurrence_exact
16:57227234	rs11643790	16:57000000	RSPRY1	0.016374	GM12878-Roadmap	genic	6983.0	False	moderate_0.2_0.5	systemic_non_neural	lower_recurrence_exact
16:57227234	rs11643790	16:57000000	RSPRY1	0.02293	fibroblast_of_lung-Roadmap	genic	7022.0	False	moderate_0.2_0.5	systemic_non_neural	lower_recurrence_exact
16:57227234	rs11643790	16:57000000	RSPRY1	0.022369	skeletal_muscle_myoblast-Roadmap	genic	7034.0	False	moderate_0.2_0.5	systemic_non_neural	lower_recurrence_exact
16:57227234	rs11643790	16:57000000	RSPRY1	0.023032	coronary_artery_smooth_muscle_cell-Miller2016	genic	7041.0	False	moderate_0.2_0.5	systemic_non_neural	lower_recurrence_exact
16:57227234	rs11643790	16:57000000	RSPRY1	0.020394	IMR90-Roadmap	genic	7069.0	False	moderate_0.2_0.5	systemic_non_neural	lower_recurrence_exact
16:57227234	rs11643790	16:57000000	RSPRY1	0.01701	mammary_epithelial_cell-Roadmap	genic	7070.0	False	moderate_0.2_0.5	systemic_non_neural	lower_recurrence_exact
16:57227234	rs11643790	16:57000000	RSPRY1	0.016081	MM.1S-ENCODE	genic	7099.0	False	moderate_0.2_0.5	systemic_non_neural	lower_recurrence_exact
16:57227234	rs11643790	16:57000000	RSPRY1	0.020387	H1_Derived_Mesenchymal_Stem_Cells-Roadmap	genic	7102.0	False	moderate_0.2_0.5	systemic_non_neural	lower_recurrence_exact
16:69179387	rs12103226	16:69000000	CHTF8	0.025107	body_of_pancreas-ENCODE	genic	12984.0	False	moderate_0.2_0.5	systemic_non_neural	core_exact_n10
16:69179387	rs12103226	16:69000000	CHTF8	0.01913	coronary_artery-ENCODE	genic	13237.5	False	moderate_0.2_0.5	systemic_non_neural	core_exact_n10
16:71746582	rs2270832	16:71500000	PHLPP2	0.034274	HAP1	genic	11844.5	False	moderate_0.2_0.5	neural_enriched	core_exact_n10
18:9428422	rs751355	18:9000000	RALBP1	0.022294	MCF-7-ENCODE	intergenic	46889.0	False	moderate_0.2_0.5	systemic_other	lower_recurrence_exact
18:9428422	rs751355	18:9000000	TWSG1	0.016445	MCF-7-ENCODE	intergenic	93876.0	False	moderate_0.2_0.5	systemic_other	lower_recurrence_exact
18:11823395	rs1647553	18:11500000	GNAL	0.059582	H1_BMP4_Derived_Mesendoderm_Cultured_Cells-Roadmap	genic	72165.5	False	moderate_0.2_0.5	systemic_other	lower_recurrence_exact
18:12857762	rs637643	18:12500000	PTPN2	0.026454	OCI-LY7-ENCODE	genic	26549.0	False	moderate_0.2_0.5	systemic_non_neural	lower_recurrence_exact
18:12857762	rs637643	18:12500000	PTPN2	0.034783	thymus_fetal-Roadmap	genic	26413.5	False	moderate_0.2_0.5	systemic_non_neural	lower_recurrence_exact
18:12857762	rs637643	18:12500000	PTPN2	0.028612	Jurkat-Engreitz	genic	26641.0	False	moderate_0.2_0.5	systemic_non_neural	lower_recurrence_exact
19:954678	rs349310	19:500000	ARID3A	0.029562	H1_BMP4_Derived_Mesendoderm_Cultured_Cells-Roadmap	genic	28742.5	False	moderate_0.2_0.5	systemic_non_neural	lower_recurrence_exact
19:1181718	rs2019107	19:1000000	SBNO2	0.051741	MCF-7-ENCODE	intergenic	7469.5	False	moderate_0.2_0.5	systemic_non_neural	lower_recurrence_exact
19:1181718	rs2019107	19:1000000	SBNO2	0.021929	body_of_pancreas-ENCODE	intergenic	7556.5	False	moderate_0.2_0.5	systemic_non_neural	lower_recurrence_exact
19:1189483	rs9304882	19:1000000	SBNO2	0.017027	HCT116-ENCODE	intergenic	15086.5	False	moderate_0.2_0.5	neural_enriched	lower_recurrence_exact
19:8488438	rs7507526	19:8000000	PRAM1	0.018349	dendritic_cell_treated_with_Lipopolysaccharide_100_ng-mL_for_1_hour-Garber2017	genic	78968.5	False	moderate_0.2_0.5	systemic_non_neural	core_exact_n10
19:8488438	rs7507526	19:8000000	PRAM1	0.040633	dendritic_cell_treated_with_Lipopolysaccharide_100_ng-mL_for_4_hour-Garber2017	genic	78928.5	False	moderate_0.2_0.5	systemic_non_neural	core_exact_n10
19:8488438	rs7507526	19:8000000	PRAM1	0.035621	dendritic_cell_treated_with_Lipopolysaccharide_100_ng-mL_for_6_hour-Garber2017	genic	78904.0	False	moderate_0.2_0.5	systemic_non_neural	core_exact_n10
19:8488438	rs7507526	19:8000000	PRAM1	0.022594	dendritic_cell_treated_with_Lipopolysaccharide_0_ng-mL_for_0_hour-Garber2017	genic	78930.0	False	moderate_0.2_0.5	systemic_non_neural	core_exact_n10
19:8488438	rs7507526	19:8000000	PRAM1	0.019794	dendritic_cell_treated_with_Lipopolysaccharide_100_ng-mL_for_30_minute-Garber2017	genic	78873.0	False	moderate_0.2_0.5	systemic_non_neural	core_exact_n10
19:8488438	rs7507526	19:8000000	PRAM1	0.021876	dendritic_cell_treated_with_Lipopolysaccharide_100_ng-mL_for_2_hour-Garber2017	genic	78882.0	False	moderate_0.2_0.5	systemic_non_neural	core_exact_n10
19:10859882	rs8100581	19:10500000	C19ORF38	0.023467	liver-ENCODE	genic	99611.5	False	moderate_0.2_0.5	systemic_non_neural	core_exact_n10
19:10928167	rs892010	19:10500000	C19ORF38	0.023721	muscle_of_leg_fetal-Roadmap	genic	30721.0	False	moderate_0.2_0.5	systemic_non_neural	lower_recurrence_exact
