model	unit	outcome	term	scale	n	events	odds_ratio	ci95_low	ci95_high	wald_p	converged
primary_evidence_disjoint_convergence	strict_eligible_500kb_locus	has_exact_convergence	moderate_locus	binary	1630	807	3.0168882080705193	1.795432382982715	5.069316197179547	3.0424946089850128e-05	True
primary_evidence_disjoint_convergence	strict_eligible_500kb_locus	has_exact_convergence	family_breadth_ge5	binary	1630	807	0.55800642140317	0.3608129476036824	0.8629711555395256	0.008728967044901254	True
primary_evidence_disjoint_convergence	strict_eligible_500kb_locus	has_exact_convergence	max_n_families	per_1_sd	1630	807	2.2843151048507946	1.4944365271337976	3.4916809135128406	0.0001357670694255192	True
primary_evidence_disjoint_convergence	strict_eligible_500kb_locus	has_exact_convergence	max_n_traits	per_1_sd	1630	807	1.7475808031903437	1.2343561822335098	2.4741956233032076	0.001649915485112298	True
primary_evidence_disjoint_convergence	strict_eligible_500kb_locus	has_exact_convergence	lower_recurrence_locus	binary	1630	807	2.392387566397628	1.5790403640619053	3.6246814192455807	3.871218611652139e-05	True
primary_evidence_disjoint_convergence	strict_eligible_500kb_locus	has_exact_convergence	systemic_non_neural_locus	binary	1630	807	0.9441257136081352	0.6906800108428899	1.2905735638827296	0.7184588999005982	True
primary_evidence_disjoint_convergence	strict_eligible_500kb_locus	has_exact_convergence	strict_variant_count	per_1_sd	1630	807	1.3615096191040275	1.0827502706648502	1.7120369240587177	0.008285531871544027	True
primary_evidence_disjoint_convergence	strict_eligible_500kb_locus	has_exact_convergence	max_qtl_gene_count	per_1_sd	1630	807	1.9241101984729025	1.6015278900883387	2.311667551205257	2.7440498141143307e-12	True
primary_evidence_disjoint_convergence	strict_eligible_500kb_locus	has_exact_convergence	max_screen_gene_count	per_1_sd	1630	807	1.5377954410175811	1.2905418205316044	1.8324201360947252	1.4942202426262659e-06	True
primary_evidence_disjoint_convergence	strict_eligible_500kb_locus	has_exact_convergence	max_score	per_1_sd	1630	807	0.6878333153501816	0.5855048771444319	0.8080456511533288	5.274869418880507e-06	True
external_same_gene_colocalisation_h4	evidence_disjoint_exact_500kb_locus	ot_coloc_h4_locus	moderate_locus	binary	807	267	0.8941739930881544	0.36847115442203593	2.169904266100128	0.8046806254417124	True
external_same_gene_colocalisation_h4	evidence_disjoint_exact_500kb_locus	ot_coloc_h4_locus	family_breadth_ge5	binary	807	267	1.1318613598002305	0.6059186460940995	2.1143269745322706	0.6976350681983885	True
external_same_gene_colocalisation_h4	evidence_disjoint_exact_500kb_locus	ot_coloc_h4_locus	max_n_families	per_1_sd	807	267	1.1158114629926117	0.7658463650969846	1.6256984137909234	0.5682131100410923	True
external_same_gene_colocalisation_h4	evidence_disjoint_exact_500kb_locus	ot_coloc_h4_locus	max_n_traits	per_1_sd	807	267	0.8340103634093723	0.6026687011222932	1.1541553178038488	0.27349385586525776	True
external_same_gene_colocalisation_h4	evidence_disjoint_exact_500kb_locus	ot_coloc_h4_locus	lower_recurrence_locus	binary	807	267	1.088122341276863	0.6073504826225623	1.9494678335863689	0.7765052378240815	True
external_same_gene_colocalisation_h4	evidence_disjoint_exact_500kb_locus	ot_coloc_h4_locus	systemic_non_neural_locus	binary	807	267	0.8765110731491468	0.5546031431019632	1.3852638069377532	0.5724585707639952	True
external_same_gene_colocalisation_h4	evidence_disjoint_exact_500kb_locus	ot_coloc_h4_locus	strict_variant_count	per_1_sd	807	267	1.0957255039726193	0.8393921777364209	1.4303378228919563	0.5013620219778434	True
external_same_gene_colocalisation_h4	evidence_disjoint_exact_500kb_locus	ot_coloc_h4_locus	max_qtl_gene_count	per_1_sd	807	267	1.4737616900429686	1.1649891144225601	1.8643723723675052	0.0012245267092353823	True
external_same_gene_colocalisation_h4	evidence_disjoint_exact_500kb_locus	ot_coloc_h4_locus	max_screen_gene_count	per_1_sd	807	267	0.8900392484768409	0.7159538163434469	1.1064538602154912	0.2941673270278584	True
external_same_gene_colocalisation_h4	evidence_disjoint_exact_500kb_locus	ot_coloc_h4_locus	max_score	per_1_sd	807	267	1.089520186257745	0.8663855454277967	1.3701223924240078	0.4633746120811315	True
external_same_gene_colocalisation_h4	evidence_disjoint_exact_500kb_locus	ot_coloc_h4_locus	max_candidate_gene_count	per_1_sd	807	267	1.4268624640474115	1.111702929762708	1.8313673885360897	0.005245109446437103	True
external_same_gene_colocalisation_h4	evidence_disjoint_exact_500kb_locus	ot_coloc_h4_locus	ot_ld_proxy_locus	binary	807	267	14.297928595698053	9.649677537419311	21.185242857592176	3.932512776246389e-40	True
external_eqtl_catalogue_pip_ge_0_1	evidence_disjoint_exact_500kb_locus	eqtl_catalogue_pip_ge_0_1_locus	moderate_locus	binary	807	62	0.8743992110185395	0.19269443920619692	3.9678051083336925	0.861914977589038	True
external_eqtl_catalogue_pip_ge_0_1	evidence_disjoint_exact_500kb_locus	eqtl_catalogue_pip_ge_0_1_locus	family_breadth_ge5	binary	807	62	1.509871404194613	0.6037880109981661	3.7756822190554162	0.3782696213882152	True
external_eqtl_catalogue_pip_ge_0_1	evidence_disjoint_exact_500kb_locus	eqtl_catalogue_pip_ge_0_1_locus	max_n_families	per_1_sd	807	62	1.0004134900912727	0.5790102773726709	1.72851362103273	0.9988177636247407	True
external_eqtl_catalogue_pip_ge_0_1	evidence_disjoint_exact_500kb_locus	eqtl_catalogue_pip_ge_0_1_locus	max_n_traits	per_1_sd	807	62	1.1345933105424402	0.7428505957801923	1.732921784865289	0.5589767247665798	True
external_eqtl_catalogue_pip_ge_0_1	evidence_disjoint_exact_500kb_locus	eqtl_catalogue_pip_ge_0_1_locus	lower_recurrence_locus	binary	807	62	2.142907535736187	0.8063886529611993	5.694589934831202	0.12639948584896485	True
external_eqtl_catalogue_pip_ge_0_1	evidence_disjoint_exact_500kb_locus	eqtl_catalogue_pip_ge_0_1_locus	systemic_non_neural_locus	binary	807	62	0.6983376821120691	0.35053053559769887	1.3912497449790187	0.3072450812193497	True
external_eqtl_catalogue_pip_ge_0_1	evidence_disjoint_exact_500kb_locus	eqtl_catalogue_pip_ge_0_1_locus	strict_variant_count	per_1_sd	807	62	1.386483966035566	1.040864193262216	1.8468670557768279	0.025496984030999936	True
external_eqtl_catalogue_pip_ge_0_1	evidence_disjoint_exact_500kb_locus	eqtl_catalogue_pip_ge_0_1_locus	max_qtl_gene_count	per_1_sd	807	62	1.096546063363867	0.8183659091371787	1.4692856284134868	0.5370026072311045	True
external_eqtl_catalogue_pip_ge_0_1	evidence_disjoint_exact_500kb_locus	eqtl_catalogue_pip_ge_0_1_locus	max_screen_gene_count	per_1_sd	807	62	0.9600424070124206	0.71674496276158	1.2859266142743622	0.7844895720214362	True
external_eqtl_catalogue_pip_ge_0_1	evidence_disjoint_exact_500kb_locus	eqtl_catalogue_pip_ge_0_1_locus	max_score	per_1_sd	807	62	0.8110929087272682	0.5690241827825085	1.1561401544846315	0.246972123292446	True
external_eqtl_catalogue_pip_ge_0_1	evidence_disjoint_exact_500kb_locus	eqtl_catalogue_pip_ge_0_1_locus	max_candidate_gene_count	per_1_sd	807	62	1.4372734671824208	1.1021279502553387	1.8743332105750403	0.007409382103539886	True
external_eqtl_catalogue_pip_ge_0_1	evidence_disjoint_exact_500kb_locus	eqtl_catalogue_pip_ge_0_1_locus	ot_ld_proxy_locus	binary	807	62	1.1795115773992535	0.6455991955196897	2.1549710267203155	0.5913141615039026	True
external_abc_enhancer_gene	evidence_disjoint_exact_500kb_locus	abc_nasser_locus	moderate_locus	binary	807	52	0.6891170312682485	0.12004431186601977	3.9558915820515965	0.6762322268885032	True
external_abc_enhancer_gene	evidence_disjoint_exact_500kb_locus	abc_nasser_locus	family_breadth_ge5	binary	807	52	1.301521695657487	0.49744706799756366	3.4053044700535597	0.5912387884868384	True
external_abc_enhancer_gene	evidence_disjoint_exact_500kb_locus	abc_nasser_locus	max_n_families	per_1_sd	807	52	0.9106908378068097	0.4899623899176794	1.6926968663954243	0.7673796689558381	True
external_abc_enhancer_gene	evidence_disjoint_exact_500kb_locus	abc_nasser_locus	max_n_traits	per_1_sd	807	52	0.868064447811589	0.5127783101264867	1.4695159110153557	0.5983327880440559	True
external_abc_enhancer_gene	evidence_disjoint_exact_500kb_locus	abc_nasser_locus	lower_recurrence_locus	binary	807	52	1.9156212493226583	0.6583274985485547	5.574132599575517	0.2329261144412308	True
external_abc_enhancer_gene	evidence_disjoint_exact_500kb_locus	abc_nasser_locus	systemic_non_neural_locus	binary	807	52	1.1534551888155853	0.5607443792405584	2.3726655528986287	0.6980492620562915	True
external_abc_enhancer_gene	evidence_disjoint_exact_500kb_locus	abc_nasser_locus	strict_variant_count	per_1_sd	807	52	1.1439109668817604	0.8071679663471806	1.621140028727968	0.44977210678588875	True
external_abc_enhancer_gene	evidence_disjoint_exact_500kb_locus	abc_nasser_locus	max_qtl_gene_count	per_1_sd	807	52	0.5930982761184505	0.35612501982316835	0.9877586396747545	0.04471471927687511	True
external_abc_enhancer_gene	evidence_disjoint_exact_500kb_locus	abc_nasser_locus	max_screen_gene_count	per_1_sd	807	52	1.1402942343423785	0.8505487070651414	1.5287436569754105	0.3800792602869951	True
external_abc_enhancer_gene	evidence_disjoint_exact_500kb_locus	abc_nasser_locus	max_score	per_1_sd	807	52	1.3033580291943139	0.9472266460860292	1.7933850987876476	0.10372678833368891	True
external_abc_enhancer_gene	evidence_disjoint_exact_500kb_locus	abc_nasser_locus	max_candidate_gene_count	per_1_sd	807	52	1.235570149028078	0.8598138262985305	1.775539711592419	0.25282789886689216	True
external_abc_enhancer_gene	evidence_disjoint_exact_500kb_locus	abc_nasser_locus	ot_ld_proxy_locus	binary	807	52	1.172946189249361	0.612397661826048	2.246583957835873	0.6304524945741135	True
external_multi_source_support	evidence_disjoint_exact_500kb_locus	external_multi_source_locus	moderate_locus	binary	807	50	0.8632634000990688	0.08817594531414054	8.451553258608449	0.8994769647020968	True
external_multi_source_support	evidence_disjoint_exact_500kb_locus	external_multi_source_locus	family_breadth_ge5	binary	807	50	1.0036235784895549	0.34558513638134336	2.914651648063637	0.9946944130035014	True
external_multi_source_support	evidence_disjoint_exact_500kb_locus	external_multi_source_locus	max_n_families	per_1_sd	807	50	1.2071210949685758	0.653245826752804	2.2306171401987895	0.547938761715951	True
external_multi_source_support	evidence_disjoint_exact_500kb_locus	external_multi_source_locus	max_n_traits	per_1_sd	807	50	0.8336143880287339	0.5184952573889555	1.34024938131155	0.45254563609205145	True
external_multi_source_support	evidence_disjoint_exact_500kb_locus	external_multi_source_locus	lower_recurrence_locus	binary	807	50	1.7296560749200638	0.5787572892860418	5.169196471285005	0.32662215387889304	True
external_multi_source_support	evidence_disjoint_exact_500kb_locus	external_multi_source_locus	systemic_non_neural_locus	binary	807	50	0.8974182405594684	0.39757957469322236	2.025656119558651	0.7944239963956082	True
external_multi_source_support	evidence_disjoint_exact_500kb_locus	external_multi_source_locus	strict_variant_count	per_1_sd	807	50	1.2313765007603552	0.9099520270088547	1.666338489963122	0.1774720431868949	True
external_multi_source_support	evidence_disjoint_exact_500kb_locus	external_multi_source_locus	max_qtl_gene_count	per_1_sd	807	50	1.0716470221244725	0.7902977058144609	1.4531578816171677	0.6560723124367092	True
external_multi_source_support	evidence_disjoint_exact_500kb_locus	external_multi_source_locus	max_screen_gene_count	per_1_sd	807	50	0.9233672347291063	0.6520473538813194	1.3075845566984101	0.6533158409378437	True
external_multi_source_support	evidence_disjoint_exact_500kb_locus	external_multi_source_locus	max_score	per_1_sd	807	50	1.391148767106173	0.9937516081830741	1.947463406634805	0.05441980336989548	True
external_multi_source_support	evidence_disjoint_exact_500kb_locus	external_multi_source_locus	max_candidate_gene_count	per_1_sd	807	50	1.3666289170525228	1.0155212947793775	1.8391289345930502	0.0392399144156429	True
external_multi_source_support	evidence_disjoint_exact_500kb_locus	external_multi_source_locus	ot_ld_proxy_locus	binary	807	50	4.945753077997363	2.500587336160896	9.781891300015177	4.348515252963564e-06	True
external_full_stack_support	evidence_disjoint_exact_500kb_locus	full_stack_locus	moderate_locus	binary	807	50	0.8632634000990688	0.08817594531414054	8.451553258608449	0.8994769647020968	True
external_full_stack_support	evidence_disjoint_exact_500kb_locus	full_stack_locus	family_breadth_ge5	binary	807	50	1.0036235784895549	0.34558513638134336	2.914651648063637	0.9946944130035014	True
external_full_stack_support	evidence_disjoint_exact_500kb_locus	full_stack_locus	max_n_families	per_1_sd	807	50	1.2071210949685758	0.653245826752804	2.2306171401987895	0.547938761715951	True
external_full_stack_support	evidence_disjoint_exact_500kb_locus	full_stack_locus	max_n_traits	per_1_sd	807	50	0.8336143880287339	0.5184952573889555	1.34024938131155	0.45254563609205145	True
external_full_stack_support	evidence_disjoint_exact_500kb_locus	full_stack_locus	lower_recurrence_locus	binary	807	50	1.7296560749200638	0.5787572892860418	5.169196471285005	0.32662215387889304	True
external_full_stack_support	evidence_disjoint_exact_500kb_locus	full_stack_locus	systemic_non_neural_locus	binary	807	50	0.8974182405594684	0.39757957469322236	2.025656119558651	0.7944239963956082	True
external_full_stack_support	evidence_disjoint_exact_500kb_locus	full_stack_locus	strict_variant_count	per_1_sd	807	50	1.2313765007603552	0.9099520270088547	1.666338489963122	0.1774720431868949	True
external_full_stack_support	evidence_disjoint_exact_500kb_locus	full_stack_locus	max_qtl_gene_count	per_1_sd	807	50	1.0716470221244725	0.7902977058144609	1.4531578816171677	0.6560723124367092	True
external_full_stack_support	evidence_disjoint_exact_500kb_locus	full_stack_locus	max_screen_gene_count	per_1_sd	807	50	0.9233672347291063	0.6520473538813194	1.3075845566984101	0.6533158409378437	True
external_full_stack_support	evidence_disjoint_exact_500kb_locus	full_stack_locus	max_score	per_1_sd	807	50	1.391148767106173	0.9937516081830741	1.947463406634805	0.05441980336989548	True
external_full_stack_support	evidence_disjoint_exact_500kb_locus	full_stack_locus	max_candidate_gene_count	per_1_sd	807	50	1.3666289170525228	1.0155212947793775	1.8391289345930502	0.0392399144156429	True
external_full_stack_support	evidence_disjoint_exact_500kb_locus	full_stack_locus	ot_ld_proxy_locus	binary	807	50	4.945753077997363	2.500587336160896	9.781891300015177	4.348515252963564e-06	True
