locus_500kb	gene_symbol	SNP	position	source_set	score_band	primary_axis	n_traits	n_families	max_score	candidate_gene_count	ot_gwas_cs_max_pip	ot_l2g_max_score_for_candidate_gene	same_gene_l2g	same_gene_top_l2g	same_gene_e2g	same_gene_l2g_coloc_feature	same_gene_ot_coloc_h4_ge_0_8	same_gene_ot_coloc_clpp_ge_0_01	same_gene_standalone_e2g_interval	standalone_e2g_max_score	same_gene_eqtl_catalogue_pip_ge_0_1	same_gene_eqtl_catalogue_pip_ge_0_5	same_gene_abc_nasser	same_gene_abc_nasser_score_ge_0_05	abc_nasser_max_score	abc_nasser_biosample_count	same_gene_pqtl_h4_ge_0_8	max_coloc_h4	max_coloc_clpp	n_h4_coloc_study_loci	n_h4_coloc_qtl_types	priority_score	candidate_class	candidate_source	raw_chr	raw_pos	target_symbol	diseaseFromSource	diseaseId	datatypeId	datasourceId	ot_crispr_source	resourceScore	score	literature
2:177000000	NFE2L2	rs2706113	2:177224061	core_exact_n10	moderate_0.2_0.5	neural_enriched	12	6	0.22604898	2	0.0277303972758761	0.8843142986297607	True	True	True	True	True	True	True	0.604185353498782	True	True	False	False	0.0	0	False	0.9892259655756108	0.0762941941056058	38	3	242.9354026420537	low_ambiguity_candidate	full_same_gene_stack	2	177224061	NFE2L2	non small cell lung carcinoma	EFO_0003060	affected_pathway	crispr	crispr	54.349998474121094	0.5434999847412109	['38215750']
2:177000000	NFE2L2	rs2251139	2:177203431	core_exact_n10	hidden_lt0.2	systemic_other	12	4	0.17461076	2	0.2736063329275223	0.8843142986297607	True	True	True	True	True	True	False	0.0	True	True	False	False	0.0	0	False	0.9892259655756108	0.0762941941056058	38	3	228.9354026420537	low_ambiguity_candidate	full_same_gene_stack	2	177203431	NFE2L2	non small cell lung carcinoma	EFO_0003060	affected_pathway	crispr	crispr	54.349998474121094	0.5434999847412109	['38215750']
5:55500000	IL6ST	rs6863337	5:55993318	core_exact_n10	hidden_lt0.2	systemic_other	10	4	0.17777875	1	0.0434517388763161	0.9287698864936828	True	True	True	True	True	True	True	0.99996425440881	False	False	False	False	0.0	0	True	0.9798899388308404	0.0421342223060884	69	4	226.08659825324523	low_ambiguity_candidate	full_same_gene_stack	5	55993318	IL6ST	plasma cell myeloma	EFO_0001378	affected_pathway	crispr	crispr	51.599998474121094	0.5159999847412109	['38215750']
14:52500000	FERMT2	rs12588482	14:52844834	core_exact_n10	moderate_0.2_0.5	systemic_other	13	3	0.3152713	1	0.013737822714377	0.814176619052887	True	True	True	True	True	True	True	0.6468913771874492	False	False	False	False	0.0	0	False	0.9320331253018592	0.0122321643100958	8	3	213.76209744354747	low_ambiguity_candidate	full_same_gene_stack	14	52844834	FERMT2	bladder carcinoma	MONDO_0004986	affected_pathway	crispr	crispr	60.400001525878906	0.604000015258789	['38215750']
14:52500000	FERMT2	rs12588482	14:52844834	core_exact_n10	moderate_0.2_0.5	systemic_other	13	3	0.3152713	1	0.013737822714377	0.814176619052887	True	True	True	True	True	True	True	0.6468913771874492	False	False	False	False	0.0	0	False	0.9320331253018592	0.0122321643100958	8	3	213.76209744354747	low_ambiguity_candidate	full_same_gene_stack	14	52844834	FERMT2	pancreatic carcinoma	EFO_0002618	affected_pathway	crispr	crispr	37.20000076293945	0.415	['38215750']
17:64500000	GNA13	rs17685439	17:64985215	core_exact_n10	moderate_0.2_0.5	systemic_other	16	4	0.44525373	2	0.0140824992713026	0.4069779217243194	True	True	True	True	True	True	True	0.7692439398725329	False	False	False	False	0.0	0	False	0.9747544544150782	0.0336278953309122	7	1	211.417323761394	low_ambiguity_candidate	full_same_gene_stack	17	64985215	GNA13	oral cavity carcinoma	MONDO_0044925	affected_pathway	crispr	crispr	44.47999954223633	0.44479999542236326	['38215750']
17:64500000	GNA13	rs4791250	17:64987027	core_exact_n10	moderate_0.2_0.5	neuro_systemic	34	10	0.39438954	2	0.0165767560110902	0.4069779217243194	True	True	True	True	True	True	False	0.0	False	False	False	False	0.0	0	False	0.9747544544150782	0.0336278953309122	7	1	207.217323761394	low_ambiguity_candidate	full_same_gene_stack	17	64987027	GNA13	oral cavity carcinoma	MONDO_0044925	affected_pathway	crispr	crispr	44.47999954223633	0.44479999542236326	['38215750']
16:2000000	TSC2	rs36233	16:2150881	core_exact_n10	moderate_0.2_0.5	systemic_non_neural	18	6	0.29183432	4	0.0298742822426445	0.8159935474395752	True	True	True	True	True	True	False	0.943038957073418	False	False	False	False	0.0	0	False	0.9806269991836876	0.0437995718542047	18	2	205.76620546623263	multi_gene_candidate	full_same_gene_stack	16	2150881	TSC2	colorectal carcinoma	EFO_1001951	affected_pathway	crispr	crispr	40.20000076293945	0.415	['38215750']
17:64500000	GNA13	rs7212449	17:64976905	core_exact_n10	moderate_0.2_0.5	neuro_systemic	25	8	0.32481235	2	0.0128062628800932	0.4069779217243194	True	True	True	True	True	True	False	0.0	False	False	False	False	0.0	0	False	0.9747544544150782	0.0336278953309122	7	1	204.317323761394	low_ambiguity_candidate	full_same_gene_stack	17	64976905	GNA13	oral cavity carcinoma	MONDO_0044925	affected_pathway	crispr	crispr	44.47999954223633	0.44479999542236326	['38215750']
16:23000000	EARS2	rs7202661	16:23492720	core_exact_n10	moderate_0.2_0.5	systemic_non_neural	19	9	0.28231066	3	0.0067403010083767	0.3505943715572357	True	True	True	True	True	True	False	0.7554901936411721	False	False	False	False	0.0	0	False	0.9566839570292802	0.0195291491290759	98	4	203.9727832858652	multi_gene_candidate	full_same_gene_stack	16	23492720	EARS2	hepatocellular carcinoma	EFO_0000182	affected_pathway	crispr	crispr	37.599998474121094	0.415	['38215750']
2:177000000	NFE2L2	rs6433653	2:177187775	core_exact_n10	moderate_0.2_0.5	systemic_non_neural	11	5	0.392781	2	0.036510912007032	0.6841205358505249	True	True	True	True	True	True	False	0.0	False	False	False	False	0.0	0	False	0.9892259655756108	0.0762941941056058	38	3	202.83346501426132	low_ambiguity_candidate	full_same_gene_stack	2	177187775	NFE2L2	non small cell lung carcinoma	EFO_0003060	affected_pathway	crispr	crispr	54.349998474121094	0.5434999847412109	['38215750']
16:23000000	EARS2	rs7203580	16:23492927	core_exact_n10	moderate_0.2_0.5	systemic_non_neural	14	8	0.2630266	3	0.0062870313025305	0.3505943715572357	True	True	True	True	True	True	False	0.7554901936411721	False	False	False	False	0.0	0	False	0.9566839570292802	0.0195291491290759	98	4	202.4727832858652	multi_gene_candidate	full_same_gene_stack	16	23492927	EARS2	hepatocellular carcinoma	EFO_0000182	affected_pathway	crispr	crispr	37.599998474121094	0.415	['38215750']
2:95500000	CIAO1	rs11687113	2:95992840	lower_recurrence_exact	moderate_0.2_0.5	systemic_non_neural	8	4	0.3412514	5	0.0280132557405385	0.2988905906677246	True	True	True	True	True	True	False	0.0	False	False	False	False	0.0	0	False	0.9871394577771754	0.0643898630302528	35	2	197.660300484449	multi_gene_candidate	full_same_gene_stack	2	95992840	CIAO1	hepatocellular carcinoma	EFO_0000182	affected_pathway	crispr	crispr	36.092308044433594	0.415	['38215750']
2:95500000	CIAO1	rs11687113	2:95992840	lower_recurrence_exact	moderate_0.2_0.5	systemic_non_neural	8	4	0.3412514	5	0.0280132557405385	0.2988905906677246	True	True	True	True	True	True	False	0.0	False	False	False	False	0.0	0	False	0.9871394577771754	0.0643898630302528	35	2	197.660300484449	multi_gene_candidate	full_same_gene_stack	2	95992840	CIAO1	bladder carcinoma	MONDO_0004986	affected_pathway	crispr	crispr	36.560001373291016	0.415	['38215750']
16:23000000	EARS2	rs2040574	16:23499005	core_exact_n10	moderate_0.2_0.5	systemic_non_neural	30	12	0.33601034	2	0.0065707967532678	0.3266774713993072	True	False	False	True	True	True	False	0.0	True	True	False	False	0.0	0	False	0.9566839570292802	0.0195291491290759	98	4	187.8336142842859	low_ambiguity_candidate	full_same_gene_stack	16	23499005	EARS2	hepatocellular carcinoma	EFO_0000182	affected_pathway	crispr	crispr	37.599998474121094	0.415	['38215750']
5:134000000	PPP2CA	rs10051026	5:134195758	core_exact_n10	moderate_0.2_0.5	neural_enriched	10	4	0.24208935	2	0.0092994196178391	0.7823355793952942	True	True	True	True	True	False	False	0.0	False	False	False	False	0.0	0	False	0.9133493303252768	0.0094808931983648	9	2	186.9568490972057	low_ambiguity_candidate	full_same_gene_stack	5	134195758	PPP2CA	gastric carcinoma	EFO_0000178	affected_pathway	crispr	crispr	54.400001525878906	0.544000015258789	['38215750']
5:134000000	PPP2CA	rs10051026	5:134195758	core_exact_n10	moderate_0.2_0.5	neural_enriched	10	4	0.24208935	2	0.0092994196178391	0.7823355793952942	True	True	True	True	True	False	False	0.0	False	False	False	False	0.0	0	False	0.9133493303252768	0.0094808931983648	9	2	186.9568490972057	low_ambiguity_candidate	full_same_gene_stack	5	134195758	PPP2CA	neuroblastoma	EFO_0000621	affected_pathway	crispr	crispr	39.764705657958984	0.415	['38215750']
11:65500000	EIF1AD	rs645571	11:65985381	lower_recurrence_exact	moderate_0.2_0.5	systemic_other	4	3	0.21200468	2	0.0123577610723336	0.2955348193645477	True	False	True	True	True	True	False	0.0	False	False	False	False	0.0	0	False	0.956598665880836	0.0195625579574355	2	2	175.92133485245384	low_ambiguity_candidate	full_same_gene_stack	11	65985381	EIF1AD	rhabdomyosarcoma	EFO_0002918	affected_pathway	crispr	crispr	48.400001525878906	0.48400001525878905	['38215750']
17:64500000	GNA13	rs5022415	17:64992826	lower_recurrence_exact	moderate_0.2_0.5	neuro_systemic	6	5	0.23523735	2	0.0153586301309376	0.269574910402298	True	True	False	True	True	True	False	0.0	False	False	False	False	0.0	0	False	0.9747544544150782	0.0336278953309122	7	1	173.04329364817374	low_ambiguity_candidate	full_same_gene_stack	17	64992826	GNA13	oral cavity carcinoma	MONDO_0044925	affected_pathway	crispr	crispr	44.47999954223633	0.44479999542236326	['38215750']
20:500000	CSNK2A1	rs6037819	20:504677	core_exact_n10	moderate_0.2_0.5	neuro_systemic	12	7	0.2439202	1	0.0	0.0	False	False	False	False	False	False	False	0.0	False	False	False	False	0.0	0	False	0.0	0.0	0	0	126.278404	clean_single_gene_followup	clean_single_gene_followup	20	504677	CSNK2A1	breast carcinoma	EFO_0000305	affected_pathway	crispr	crispr	45.58000183105469	0.45580001831054684	['38215750']
13:25000000	MTMR6	rs9507499	13:25319083	core_exact_n10	hidden_lt0.2	mixed_trait_axis	10	8	0.18242027	1	0.0	0.0	False	False	False	False	False	False	False	0.0	False	False	False	False	0.0	0	False	0.0	0.0	0	0	125.6484054	clean_single_gene_followup	clean_single_gene_followup	13	25319083	MTMR6	melanoma	EFO_0000756	affected_pathway	crispr	crispr	36.599998474121094	0.415	['38215750']
10:121500000	FGFR2	rs3750815	10:121511632	core_exact_n10	moderate_0.2_0.5	neuro_systemic	15	5	0.27827808	1	0.0	0.0	False	False	False	False	False	False	False	0.0	False	False	False	False	0.0	0	False	0.0	0.0	0	0	125.5655616	clean_single_gene_followup	clean_single_gene_followup	10	121511632	FGFR2	gastric carcinoma	EFO_0000178	affected_pathway	crispr	crispr	83.5999984741211	0.835999984741211	['38215750']
10:121500000	FGFR2	rs3750815	10:121511632	core_exact_n10	moderate_0.2_0.5	neuro_systemic	15	5	0.27827808	1	0.0	0.0	False	False	False	False	False	False	False	0.0	False	False	False	False	0.0	0	False	0.0	0.0	0	0	125.5655616	clean_single_gene_followup	clean_single_gene_followup	10	121511632	FGFR2	breast carcinoma	EFO_0000305	affected_pathway	crispr	crispr	79.5999984741211	0.7959999847412109	['38215750']
11:120500000	POU2F3	rs1287160	11:120505159	core_exact_n10	moderate_0.2_0.5	systemic_non_neural	13	5	0.27600095	1	0.0	0.0	False	False	False	False	False	False	False	0.0	False	False	False	False	0.0	0	False	0.0	0.0	0	0	125.120019	clean_single_gene_followup	clean_single_gene_followup	11	120505159	POU2F3	small cell lung carcinoma	EFO_0000702	affected_pathway	crispr	crispr	52.0	0.52	['38215750']
13:110000000	IRS2	rs2225778	13:110005737	core_exact_n10	moderate_0.2_0.5	systemic_non_neural	10	7	0.20564176	1	0.0	0.0	False	False	False	False	False	False	False	0.0	False	False	False	False	0.0	0	False	0.0	0.0	0	0	125.1128352	clean_single_gene_followup	clean_single_gene_followup	13	110005737	IRS2	colorectal carcinoma	EFO_1001951	affected_pathway	crispr	crispr	37.46666717529297	0.415	['38215750']
13:73000000	KLF5	rs1029092	13:73000276	core_exact_n10	hidden_lt0.2	systemic_non_neural	12	5	0.16041136	1	0.0	0.0	False	False	False	False	False	False	False	0.0	False	False	False	False	0.0	0	False	0.0	0.0	0	0	122.6082272	clean_single_gene_followup	clean_single_gene_followup	13	73000276	KLF5	colorectal carcinoma	EFO_1001951	affected_pathway	crispr	crispr	56.344825744628906	0.563448257446289	['38215750']
13:73000000	KLF5	rs1029092	13:73000276	core_exact_n10	hidden_lt0.2	systemic_non_neural	12	5	0.16041136	1	0.0	0.0	False	False	False	False	False	False	False	0.0	False	False	False	False	0.0	0	False	0.0	0.0	0	0	122.6082272	clean_single_gene_followup	clean_single_gene_followup	13	73000276	KLF5	ovarian carcinoma	EFO_0001075	affected_pathway	crispr	crispr	44.65262985229492	0.4465262985229492	['38215750']
13:73000000	KLF5	rs1029092	13:73000276	core_exact_n10	hidden_lt0.2	systemic_non_neural	12	5	0.16041136	1	0.0	0.0	False	False	False	False	False	False	False	0.0	False	False	False	False	0.0	0	False	0.0	0.0	0	0	122.6082272	clean_single_gene_followup	clean_single_gene_followup	13	73000276	KLF5	bladder carcinoma	MONDO_0004986	affected_pathway	crispr	crispr	38.279998779296875	0.415	['38215750']
