gene_symbol	SNP	position	locus_500kb	source_set	score_band	primary_axis	n_traits	n_families	max_score	catalog_distinct_exact_rsid	has_3d_overlap	has_crispr_overlap	qtl_gene_count	screen_non_eqtl_gene_count	priority_score	validation_rationale
NSMF	rs12005738	9:137478851	9:137000000	core_exact_n10	moderate_0.2_0.5	systemic_non_neural	42	11	0.38565287	True	True	False	5	1	139.1130574	single_gene_QTL_non_eqtl_chromatin_convergence
ZMYM1	rs2971408	1:35097364	1:35000000	core_exact_n10	moderate_0.2_0.5	systemic_non_neural	23	12	0.46175954	True	True	False	1	2	137.8351908	single_gene_QTL_non_eqtl_chromatin_convergence
SAR1B	rs4958192	5:134638199	5:134500000	core_exact_n10	moderate_0.2_0.5	mixed_trait_axis	23	11	0.46100512	True	True	False	3	6	136.8201024	single_gene_QTL_non_eqtl_chromatin_convergence
HINT1	rs6872533	5:131315518	5:131000000	core_exact_n10	moderate_0.2_0.5	neuro_systemic	24	8	0.45805997	True	True	False	6	2	133.9611994	single_gene_QTL_non_eqtl_chromatin_convergence
RRN3	rs2941266	16:15141783	16:15000000	core_exact_n10	moderate_0.2_0.5	systemic_non_neural	19	10	0.4024217	True	True	False	16	1	133.848434	single_gene_QTL_non_eqtl_chromatin_convergence
MYLK	rs6794826	3:123498402	3:123000000	core_exact_n10	moderate_0.2_0.5	mixed_trait_axis	29	9	0.31995428	True	True	False	2	1	133.1990856	single_gene_QTL_non_eqtl_chromatin_convergence
BECN1	rs324079	17:42894423	17:42500000	core_exact_n10	moderate_0.2_0.5	systemic_non_neural	23	9	0.3633232	True	True	False	5	7	132.866464	single_gene_QTL_non_eqtl_chromatin_convergence
FNTA	rs6474422	8:42850559	8:42500000	core_exact_n10	moderate_0.2_0.5	systemic_non_neural	21	7	0.48303956	True	True	False	2	1	132.8607912	single_gene_QTL_non_eqtl_chromatin_convergence
PUF60	rs4875059	8:143811845	8:143500000	core_exact_n10	moderate_0.2_0.5	systemic_non_neural	17	9	0.41892833	True	True	False	5	14	132.7785666	single_gene_QTL_non_eqtl_chromatin_convergence
EPS8	rs11835559	12:15690718	12:15500000	core_exact_n10	moderate_0.2_0.5	mixed_trait_axis	23	7	0.43817592	True	True	False	1	1	132.3635184	single_gene_QTL_non_eqtl_chromatin_convergence
DGKA	rs2046292	12:55847314	12:55500000	core_exact_n10	moderate_0.2_0.5	systemic_non_neural	17	9	0.38118693	True	True	False	5	7	132.0237386	single_gene_QTL_non_eqtl_chromatin_convergence
CHST15	rs4929814	10:124084023	10:124000000	core_exact_n10	moderate_0.2_0.5	mixed_trait_axis	19	11	0.26054198	True	True	False	1	3	132.0108396	single_gene_QTL_non_eqtl_chromatin_convergence
PHLPP1	rs500978	18:62851130	18:62500000	core_exact_n10	moderate_0.2_0.5	mixed_trait_axis	22	9	0.32843453	True	True	False	1	1	131.9686906	single_gene_QTL_non_eqtl_chromatin_convergence
ATG2B	rs4544182	14:96502831	14:96500000	core_exact_n10	moderate_0.2_0.5	mixed_trait_axis	29	8	0.30477127	True	True	False	2	20	131.8954254	single_gene_QTL_non_eqtl_chromatin_convergence
PRSS12	rs298982	4:118683854	4:118500000	core_exact_n10	moderate_0.2_0.5	mixed_trait_axis	19	8	0.40410706	True	True	False	6	9	131.8821412	single_gene_QTL_non_eqtl_chromatin_convergence
MMP19	rs7965333	12:55831500	12:55500000	core_exact_n10	moderate_0.2_0.5	mixed_trait_axis	19	7	0.44982305	True	True	False	5	10	131.796461	single_gene_QTL_non_eqtl_chromatin_convergence
SPTSSA	rs12892302	14:34497730	14:34000000	core_exact_n10	moderate_0.2_0.5	systemic_non_neural	24	10	0.2323478	True	True	False	2	2	131.446956	single_gene_QTL_non_eqtl_chromatin_convergence
SMARCC2	rs4759218	12:56214143	12:56000000	core_exact_n10	moderate_0.2_0.5	neural_enriched	14	7	0.48160726	True	True	False	5	2	131.4321452	single_gene_QTL_non_eqtl_chromatin_convergence
ZNF92	rs147935040	7:65500680	7:65500000	core_exact_n10	moderate_0.2_0.5	neuro_systemic	23	8	0.3333269	True	True	False	7	1	131.266538	single_gene_QTL_non_eqtl_chromatin_convergence
ANAPC15	rs7924834	11:71933287	11:71500000	core_exact_n10	moderate_0.2_0.5	mixed_trait_axis	21	7	0.39927313	True	True	False	6	3	131.1854626	single_gene_QTL_non_eqtl_chromatin_convergence
TEX22	rs7144389	14:105433481	14:105000000	core_exact_n10	moderate_0.2_0.5	systemic_non_neural	15	7	0.45560998	True	True	False	2	2	131.1121996	single_gene_QTL_non_eqtl_chromatin_convergence
SUPT20H	rs9603126	13:37000571	13:37000000	core_exact_n10	moderate_0.2_0.5	neuro_systemic	22	10	0.23050864	True	True	False	4	24	131.0101728	single_gene_QTL_non_eqtl_chromatin_convergence
SETD5	rs2596915	3:9498000	3:9000000	core_exact_n10	moderate_0.2_0.5	mixed_trait_axis	16	10	0.28435963	True	True	False	5	2	130.8871926	single_gene_QTL_non_eqtl_chromatin_convergence
EIF3F	rs4758038	11:8000467	11:8000000	core_exact_n10	moderate_0.2_0.5	neuro_systemic	17	10	0.27304187	True	True	False	1	3	130.8608374	single_gene_QTL_non_eqtl_chromatin_convergence
NUMA1	rs552966	11:72077171	11:72000000	core_exact_n10	moderate_0.2_0.5	neural_enriched	16	6	0.48299378	True	True	False	8	3	130.8598756	single_gene_QTL_non_eqtl_chromatin_convergence
ADRA2B	rs2579551	2:96072837	2:96000000	core_exact_n10	moderate_0.2_0.5	mixed_trait_axis	18	10	0.26042503	True	True	False	12	1	130.8085006	single_gene_QTL_non_eqtl_chromatin_convergence
HAND2	rs920625	4:173499832	4:173000000	core_exact_n10	moderate_0.2_0.5	systemic_non_neural	21	10	0.2239998	True	True	False	4	2	130.67999600000002	single_gene_QTL_non_eqtl_chromatin_convergence
ASH1L	rs11264369	1:155390039	1:155000000	core_exact_n10	moderate_0.2_0.5	systemic_non_neural	17	8	0.35158294	True	True	False	25	1	130.4316588	single_gene_QTL_non_eqtl_chromatin_convergence
COPG2	rs4731694	7:130490328	7:130000000	core_exact_n10	moderate_0.2_0.5	mixed_trait_axis	21	9	0.25664318	True	True	False	2	7	130.3328636	single_gene_QTL_non_eqtl_chromatin_convergence
PPP2R2D	rs4880334	10:131932974	10:131500000	core_exact_n10	moderate_0.2_0.5	neuro_systemic	21	7	0.34593493	True	True	False	2	2	130.11869860000002	single_gene_QTL_non_eqtl_chromatin_convergence
LPAR5	rs7397940	12:6662711	12:6500000	core_exact_n10	moderate_0.2_0.5	mixed_trait_axis	17	7	0.3748091	True	True	False	1	17	129.896182	single_gene_QTL_non_eqtl_chromatin_convergence
WBP1	rs41285991	2:74506707	2:74500000	core_exact_n10	moderate_0.2_0.5	mixed_trait_axis	31	7	0.2319547	True	True	False	4	16	129.839094	single_gene_QTL_non_eqtl_chromatin_convergence
POU2F2	rs1195296	19:42172329	19:42000000	core_exact_n10	moderate_0.2_0.5	systemic_non_neural	16	7	0.3797665	True	True	False	4	1	129.79533	single_gene_QTL_non_eqtl_chromatin_convergence
SIX1	rs10144292	14:60819774	14:60500000	lower_recurrence_exact	moderate_0.2_0.5	neuro_systemic	8	7	0.44875693	True	True	False	5	1	129.5751386	single_gene_QTL_non_eqtl_chromatin_convergence
SIPA1L1	rs8017465	14:71650439	14:71500000	core_exact_n10	moderate_0.2_0.5	mixed_trait_axis	15	9	0.2764333	True	True	False	3	1	129.528666	single_gene_QTL_non_eqtl_chromatin_convergence
TRIM69	rs3759871	15:44651559	15:44500000	core_exact_n10	moderate_0.2_0.5	systemic_non_neural	12	6	0.45180702	True	True	False	8	4	129.4361404	single_gene_QTL_non_eqtl_chromatin_convergence
COPG2	rs4731695	7:130490329	7:130000000	core_exact_n10	moderate_0.2_0.5	mixed_trait_axis	17	9	0.2481312	True	True	False	2	7	129.362624	single_gene_QTL_non_eqtl_chromatin_convergence
RRN3	rs2457526	16:15143080	16:15000000	core_exact_n10	moderate_0.2_0.5	systemic_non_neural	18	6	0.3799939	True	True	False	17	1	129.19987799999998	single_gene_QTL_non_eqtl_chromatin_convergence
SMURF2	rs7225993	17:64712166	17:64500000	core_exact_n10	moderate_0.2_0.5	systemic_non_neural	15	8	0.30526558	True	True	False	7	1	129.1053116	single_gene_QTL_non_eqtl_chromatin_convergence
DIP2C	rs10904535	10:650297	10:500000	core_exact_n10	moderate_0.2_0.5	systemic_non_neural	21	6	0.344278	True	True	False	3	1	129.08556000000002	single_gene_QTL_non_eqtl_chromatin_convergence
LARP6	rs1561691	15:71050653	15:71000000	core_exact_n10	moderate_0.2_0.5	systemic_non_neural	15	5	0.45313054	True	True	False	4	3	129.0626108	single_gene_QTL_non_eqtl_chromatin_convergence
EIF3F	rs11041706	11:8002921	11:8000000	core_exact_n10	hidden_lt0.2	neuro_systemic	18	10	0.17257445	True	True	False	1	3	129.051489	single_gene_QTL_non_eqtl_chromatin_convergence
ADHFE1	rs6997490	8:67058008	8:67000000	core_exact_n10	moderate_0.2_0.5	neural_enriched	15	7	0.34546697	True	True	False	3	1	128.9093394	single_gene_QTL_non_eqtl_chromatin_convergence
MGAT1	rs2619756	5:180858668	5:180500000	core_exact_n10	moderate_0.2_0.5	systemic_non_neural	15	7	0.34369087	True	True	False	4	1	128.8738174	single_gene_QTL_non_eqtl_chromatin_convergence
SNX6	rs10136826	14:34594262	14:34500000	core_exact_n10	moderate_0.2_0.5	neural_enriched	20	5	0.39068308	True	True	False	1	2	128.8136616	single_gene_QTL_non_eqtl_chromatin_convergence
SCPEP1	rs4793837	17:56994685	17:56500000	core_exact_n10	moderate_0.2_0.5	systemic_non_neural	14	8	0.29950815	True	True	False	2	1	128.790163	single_gene_QTL_non_eqtl_chromatin_convergence
SLC9A3R1	rs3178300	17:74746981	17:74500000	core_exact_n10	moderate_0.2_0.5	neural_enriched	23	6	0.30459526	True	True	False	1	14	128.6919052	single_gene_QTL_non_eqtl_chromatin_convergence
PRR5L	rs5030416	11:36510938	11:36500000	core_exact_n10	moderate_0.2_0.5	neuro_systemic	13	8	0.3036965	True	True	False	3	12	128.67392999999998	single_gene_QTL_non_eqtl_chromatin_convergence
ENDOG	rs3750325	9:128720188	9:128500000	core_exact_n10	moderate_0.2_0.5	systemic_non_neural	11	5	0.4726519	True	True	False	2	13	128.653038	single_gene_QTL_non_eqtl_chromatin_convergence
PRMT2	rs8131044	21:46667934	21:46500000	core_exact_n10	moderate_0.2_0.5	systemic_non_neural	18	6	0.35225326	True	True	False	9	1	128.6450652	single_gene_QTL_non_eqtl_chromatin_convergence
ARMC10	rs7789727	7:103149048	7:103000000	core_exact_n10	moderate_0.2_0.5	systemic_non_neural	12	8	0.3052737	True	True	False	6	12	128.505474	single_gene_QTL_non_eqtl_chromatin_convergence
KCTD3	rs2797390	1:215558463	1:215500000	core_exact_n10	moderate_0.2_0.5	mixed_trait_axis	14	7	0.3348942	True	True	False	1	1	128.497884	single_gene_QTL_non_eqtl_chromatin_convergence
TOMM20L	rs6764	14:58427073	14:58000000	core_exact_n10	moderate_0.2_0.5	systemic_non_neural	16	6	0.36285958	True	True	False	4	24	128.45719160000002	single_gene_QTL_non_eqtl_chromatin_convergence
LPCAT1	rs36993	5:1495648	5:1000000	core_exact_n10	moderate_0.2_0.5	systemic_non_neural	17	8	0.25108108	True	True	False	2	2	128.4216216	single_gene_QTL_non_eqtl_chromatin_convergence
ANGEL2	rs7533253	1:213124943	1:213000000	core_exact_n10	moderate_0.2_0.5	mixed_trait_axis	12	7	0.34939244	True	True	False	3	3	128.3878488	single_gene_QTL_non_eqtl_chromatin_convergence
TMEM184C	rs4835093	4:147734125	4:147500000	core_exact_n10	moderate_0.2_0.5	neural_enriched	15	5	0.4178407	True	True	False	1	6	128.35681399999999	single_gene_QTL_non_eqtl_chromatin_convergence
CANT1	rs9896857	17:79000662	17:79000000	core_exact_n10	moderate_0.2_0.5	mixed_trait_axis	15	8	0.26733902	True	True	False	2	2	128.3467804	single_gene_QTL_non_eqtl_chromatin_convergence
XPOT	rs6581555	12:64383924	12:64000000	core_exact_n10	moderate_0.2_0.5	mixed_trait_axis	15	7	0.31441027	True	True	False	2	2	128.2882054	single_gene_QTL_non_eqtl_chromatin_convergence
NOVA2	rs8111976	19:45996279	19:45500000	core_exact_n10	moderate_0.2_0.5	systemic_non_neural	14	6	0.37322596	True	True	False	2	19	128.2645192	single_gene_QTL_non_eqtl_chromatin_convergence
TOMM20L	rs2031419	14:58426813	14:58000000	core_exact_n10	moderate_0.2_0.5	systemic_non_neural	13	6	0.38315013	True	True	False	4	24	128.2630026	single_gene_QTL_non_eqtl_chromatin_convergence
TUBB2A	rs4327733	6:3189475	6:3000000	core_exact_n10	moderate_0.2_0.5	neural_enriched	16	7	0.29821235	True	True	False	3	1	128.164247	single_gene_QTL_non_eqtl_chromatin_convergence
COQ7	rs7403903	16:18997617	16:18500000	core_exact_n10	moderate_0.2_0.5	mixed_trait_axis	14	8	0.26177144	True	True	False	1	4	128.0354288	single_gene_QTL_non_eqtl_chromatin_convergence
RNPS1	rs161424	16:2290602	16:2000000	core_exact_n10	moderate_0.2_0.5	mixed_trait_axis	10	8	0.2999866	True	True	False	3	4	127.999732	single_gene_QTL_non_eqtl_chromatin_convergence
ATL2	rs11674467	2:38394314	2:38000000	core_exact_n10	moderate_0.2_0.5	systemic_non_neural	12	9	0.22892013	True	True	False	6	1	127.97840260000001	single_gene_QTL_non_eqtl_chromatin_convergence
TOMM20L	rs6763	14:58427095	14:58000000	core_exact_n10	moderate_0.2_0.5	systemic_non_neural	11	6	0.38811228	True	True	False	4	24	127.9622456	single_gene_QTL_non_eqtl_chromatin_convergence
EFCAB12	rs4293717	3:129114707	3:129000000	core_exact_n10	moderate_0.2_0.5	systemic_non_neural	15	6	0.34788308	True	True	False	8	5	127.9576616	single_gene_QTL_non_eqtl_chromatin_convergence
TMUB2	rs7218599	17:44170978	17:44000000	core_exact_n10	moderate_0.2_0.5	systemic_non_neural	16	7	0.28500232	True	True	False	5	6	127.90004640000001	single_gene_QTL_non_eqtl_chromatin_convergence
PMP2	rs7004393	8:81497119	8:81000000	core_exact_n10	moderate_0.2_0.5	neural_enriched	10	6	0.39424363	True	True	False	3	3	127.8848726	single_gene_QTL_non_eqtl_chromatin_convergence
PAM	rs26256	5:103216312	5:103000000	core_exact_n10	moderate_0.2_0.5	neuro_systemic	16	6	0.33150136	True	True	False	3	2	127.8300272	single_gene_QTL_non_eqtl_chromatin_convergence
GTF2I	rs1421658986	7:74988062	7:74500000	core_exact_n10	moderate_0.2_0.5	neuro_systemic	13	6	0.35947543	True	True	False	15	1	127.78950859999999	single_gene_QTL_non_eqtl_chromatin_convergence
CDK20	rs2947237	9:87951654	9:87500000	lower_recurrence_exact	moderate_0.2_0.5	systemic_non_neural	7	6	0.4174169	True	True	False	2	3	127.748338	single_gene_QTL_non_eqtl_chromatin_convergence
PRAM1	rs7507526	19:8488438	19:8000000	core_exact_n10	moderate_0.2_0.5	systemic_non_neural	11	5	0.42084888	True	True	False	2	5	127.6169776	single_gene_QTL_non_eqtl_chromatin_convergence
MEF2C	rs186233	5:88838102	5:88500000	core_exact_n10	moderate_0.2_0.5	mixed_trait_axis	14	8	0.24009176	True	True	False	1	2	127.6018352	single_gene_QTL_non_eqtl_chromatin_convergence
MRPS28	rs7014295	8:79996994	8:79500000	core_exact_n10	moderate_0.2_0.5	systemic_non_neural	12	7	0.30930957	True	True	False	3	1	127.5861914	single_gene_QTL_non_eqtl_chromatin_convergence
KIF5C	rs4346318	2:148922389	2:148500000	core_exact_n10	moderate_0.2_0.5	systemic_non_neural	22	6	0.25860217	True	True	False	2	2	127.57204340000001	single_gene_QTL_non_eqtl_chromatin_convergence
ZFYVE21	rs1535100	14:103727859	14:103500000	core_exact_n10	moderate_0.2_0.5	mixed_trait_axis	13	8	0.24813111	True	True	False	1	4	127.56262219999999	single_gene_QTL_non_eqtl_chromatin_convergence
SLC23A2	rs2681118	20:4987356	20:4500000	core_exact_n10	moderate_0.2_0.5	systemic_non_neural	14	8	0.23698272	True	True	False	1	3	127.5396544	single_gene_QTL_non_eqtl_chromatin_convergence
CHRAC1	rs11780595	8:140496804	8:140000000	core_exact_n10	moderate_0.2_0.5	systemic_non_neural	12	7	0.30589476	True	True	False	2	1	127.5178952	single_gene_QTL_non_eqtl_chromatin_convergence
NKIRAS1	rs6550828	3:23996182	3:23500000	core_exact_n10	moderate_0.2_0.5	systemic_non_neural	12	7	0.3054224	True	True	False	2	3	127.508448	single_gene_QTL_non_eqtl_chromatin_convergence
SRRM1	rs7549196	1:24660386	1:24500000	core_exact_n10	moderate_0.2_0.5	neural_enriched	17	7	0.25508195	True	True	False	1	1	127.50163900000001	single_gene_QTL_non_eqtl_chromatin_convergence
SLC4A8	rs7961653	12:51481916	12:51000000	lower_recurrence_exact	moderate_0.2_0.5	systemic_non_neural	9	6	0.3849715	True	True	False	3	2	127.49943	single_gene_QTL_non_eqtl_chromatin_convergence
RHOD	rs17584120	11:67002996	11:67000000	core_exact_n10	moderate_0.2_0.5	neuro_systemic	15	6	0.3234125	True	True	False	7	4	127.46825	single_gene_QTL_non_eqtl_chromatin_convergence
TCAF1	rs7807308	7:143737311	7:143500000	core_exact_n10	moderate_0.2_0.5	systemic_non_neural	16	6	0.3113332	True	True	False	8	1	127.426664	single_gene_QTL_non_eqtl_chromatin_convergence
DAND5	rs75783493	19:13001454	19:13000000	core_exact_n10	moderate_0.2_0.5	neuro_systemic	10	8	0.2683672	True	True	False	5	4	127.367344	single_gene_QTL_non_eqtl_chromatin_convergence
PPP3CC	rs6998654	8:22370009	8:22000000	core_exact_n10	moderate_0.2_0.5	systemic_non_neural	12	6	0.34623414	True	True	False	1	10	127.3246828	single_gene_QTL_non_eqtl_chromatin_convergence
TSC22D1	rs4941501	13:44402548	13:44000000	core_exact_n10	moderate_0.2_0.5	systemic_non_neural	12	8	0.2440332	True	True	False	3	2	127.280664	single_gene_QTL_non_eqtl_chromatin_convergence
DYM	rs7505245	18:49413246	18:49000000	core_exact_n10	moderate_0.2_0.5	systemic_non_neural	12	7	0.29294616	True	True	False	1	2	127.25892320000001	single_gene_QTL_non_eqtl_chromatin_convergence
PAGR1	rs11649499	16:29897112	16:29500000	core_exact_n10	moderate_0.2_0.5	mixed_trait_axis	13	7	0.28293753	True	True	False	6	5	127.2587506	single_gene_QTL_non_eqtl_chromatin_convergence
KANSL1L	rs1155845	2:210189875	2:210000000	core_exact_n10	moderate_0.2_0.5	systemic_non_neural	12	7	0.29222918	True	True	False	2	3	127.2445836	single_gene_QTL_non_eqtl_chromatin_convergence
LRCH3	rs841673	3:197810458	3:197500000	core_exact_n10	moderate_0.2_0.5	systemic_non_neural	13	6	0.33020145	True	True	False	2	1	127.20402899999999	single_gene_QTL_non_eqtl_chromatin_convergence
C19ORF38	rs8100581	19:10859882	19:10500000	core_exact_n10	moderate_0.2_0.5	systemic_non_neural	17	7	0.23992354	True	True	False	1	5	127.19847080000001	single_gene_QTL_non_eqtl_chromatin_convergence
LYST	rs6668242	1:235838479	1:235500000	core_exact_n10	moderate_0.2_0.5	neural_enriched	11	6	0.34933478	True	True	False	1	1	127.18669560000001	single_gene_QTL_non_eqtl_chromatin_convergence
PTGFR	rs1417103	1:78333607	1:78000000	core_exact_n10	moderate_0.2_0.5	neuro_systemic	14	7	0.26907963	True	True	False	1	3	127.1815926	single_gene_QTL_non_eqtl_chromatin_convergence
TAC4	rs2412129	17:49700124	17:49500000	core_exact_n10	moderate_0.2_0.5	systemic_non_neural	19	7	0.21744123	True	True	False	3	10	127.1488246	single_gene_QTL_non_eqtl_chromatin_convergence
ZNF26	rs937538	12:133033656	12:133000000	core_exact_n10	moderate_0.2_0.5	neuro_systemic	12	6	0.3370792	True	True	False	12	2	127.14158400000001	single_gene_QTL_non_eqtl_chromatin_convergence
FAM81A	rs4291860	15:59492135	15:59000000	core_exact_n10	moderate_0.2_0.5	systemic_non_neural	13	5	0.37161914	True	True	False	1	4	127.0323828	single_gene_QTL_non_eqtl_chromatin_convergence
PDP1	rs3134031	8:93795937	8:93500000	core_exact_n10	moderate_0.2_0.5	systemic_non_neural	12	6	0.33080122	True	True	False	5	3	127.0160244	single_gene_QTL_non_eqtl_chromatin_convergence
HEATR5A	rs11844036	14:31361500	14:31000000	core_exact_n10	moderate_0.2_0.5	systemic_non_neural	15	5	0.3503514	True	True	False	4	1	127.007028	single_gene_QTL_non_eqtl_chromatin_convergence
DERA	rs10846246	12:15898556	12:15500000	lower_recurrence_exact	moderate_0.2_0.5	systemic_non_neural	9	8	0.2581238	True	True	False	1	3	126.962476	single_gene_QTL_non_eqtl_chromatin_convergence
NTF3	rs7488316	12:5497206	12:5000000	core_exact_n10	moderate_0.2_0.5	mixed_trait_axis	15	7	0.24790183	True	True	False	1	1	126.9580366	single_gene_QTL_non_eqtl_chromatin_convergence
DYNLL1	rs787820	12:120488516	12:120000000	core_exact_n10	moderate_0.2_0.5	neural_enriched	15	5	0.34769544	True	True	False	8	2	126.9539088	single_gene_QTL_non_eqtl_chromatin_convergence
NUCB2	rs7108861	11:17233454	11:17000000	core_exact_n10	moderate_0.2_0.5	systemic_non_neural	10	5	0.39703804	True	True	False	2	4	126.94076079999999	single_gene_QTL_non_eqtl_chromatin_convergence
CLIC4	rs6692599	1:24768223	1:24500000	core_exact_n10	moderate_0.2_0.5	systemic_non_neural	15	6	0.29125613	True	True	False	1	2	126.8251226	single_gene_QTL_non_eqtl_chromatin_convergence
IKZF4	rs2629450	12:56221479	12:56000000	core_exact_n10	moderate_0.2_0.5	systemic_non_neural	14	6	0.2961076	True	True	False	3	27	126.722152	single_gene_QTL_non_eqtl_chromatin_convergence
CD55	rs12075933	1:207502508	1:207500000	core_exact_n10	hidden_lt0.2	neuro_systemic	17	8	0.16595727	True	True	False	1	2	126.7191454	single_gene_QTL_non_eqtl_chromatin_convergence
BAK1	rs1755038	6:33497642	6:33000000	lower_recurrence_exact	moderate_0.2_0.5	systemic_non_neural	7	6	0.3628877	True	True	False	11	1	126.65775400000001	single_gene_QTL_non_eqtl_chromatin_convergence
PHACTR4	rs6704457	1:28738527	1:28500000	core_exact_n10	moderate_0.2_0.5	systemic_non_neural	11	7	0.2728703	True	True	False	4	12	126.65740600000001	single_gene_QTL_non_eqtl_chromatin_convergence
MTO1	rs658475	6:73485808	6:73000000	core_exact_n10	moderate_0.2_0.5	neural_enriched	13	6	0.30149883	True	True	False	5	2	126.62997659999999	single_gene_QTL_non_eqtl_chromatin_convergence
FYTTD1	rs635652	3:197795268	3:197500000	core_exact_n10	moderate_0.2_0.5	systemic_non_neural	14	7	0.2402994	True	True	False	1	3	126.605988	single_gene_QTL_non_eqtl_chromatin_convergence
FAM89B	rs573864	11:65380391	11:65000000	core_exact_n10	moderate_0.2_0.5	systemic_non_neural	11	6	0.31979987	True	True	False	10	4	126.5959974	single_gene_QTL_non_eqtl_chromatin_convergence
ARIH1	rs8025088	15:72491919	15:72000000	core_exact_n10	moderate_0.2_0.5	systemic_non_neural	13	7	0.24920645	True	True	False	2	1	126.58412899999999	single_gene_QTL_non_eqtl_chromatin_convergence
IL34	rs2303793	16:70496456	16:70000000	core_exact_n10	moderate_0.2_0.5	neural_enriched	13	6	0.29716876	True	True	False	15	1	126.5433752	single_gene_QTL_non_eqtl_chromatin_convergence
PRAM1	rs10421511	19:8469041	19:8000000	lower_recurrence_exact	moderate_0.2_0.5	systemic_non_neural	9	5	0.38525072	True	True	False	2	2	126.5050144	single_gene_QTL_non_eqtl_chromatin_convergence
NET1	rs12412562	10:5501383	10:5500000	core_exact_n10	moderate_0.2_0.5	systemic_non_neural	12	7	0.25121662	True	True	False	3	1	126.42433240000001	single_gene_QTL_non_eqtl_chromatin_convergence
RAB43	rs9826460	3:129084691	3:129000000	core_exact_n10	moderate_0.2_0.5	systemic_non_neural	11	5	0.36020327	True	True	False	8	1	126.40406540000001	single_gene_QTL_non_eqtl_chromatin_convergence
TIMM10B	rs2555159	11:6497555	11:6000000	core_exact_n10	hidden_lt0.2	systemic_non_neural	12	8	0.19951889	True	True	False	1	6	126.39037780000001	single_gene_QTL_non_eqtl_chromatin_convergence
ABCD3	rs1999271	1:94235653	1:94000000	lower_recurrence_exact	moderate_0.2_0.5	systemic_non_neural	9	5	0.37849557	True	True	False	2	5	126.36991139999999	single_gene_QTL_non_eqtl_chromatin_convergence
GRIN2C	rs7226145	17:74804288	17:74500000	core_exact_n10	hidden_lt0.2	systemic_non_neural	12	8	0.19598106	True	True	False	2	2	126.3196212	single_gene_QTL_non_eqtl_chromatin_convergence
CHN1	rs3771917	2:174972115	2:174500000	core_exact_n10	moderate_0.2_0.5	systemic_non_neural	12	7	0.2458652	True	True	False	1	1	126.31730400000001	single_gene_QTL_non_eqtl_chromatin_convergence
TMEM242	rs2800443	6:157384568	6:157000000	lower_recurrence_exact	moderate_0.2_0.5	neuro_systemic	9	6	0.32546294	True	True	False	4	11	126.3092588	single_gene_QTL_non_eqtl_chromatin_convergence
RAB43	rs6767719	3:129131689	3:129000000	core_exact_n10	moderate_0.2_0.5	systemic_non_neural	15	5	0.31460336	True	True	False	8	1	126.2920672	single_gene_QTL_non_eqtl_chromatin_convergence
PCDH9	rs7336507	13:66996977	13:66500000	core_exact_n10	hidden_lt0.2	systemic_non_neural	17	7	0.19396389	True	True	False	1	1	126.2792778	single_gene_QTL_non_eqtl_chromatin_convergence
CSNK2A1	rs6037819	20:504677	20:500000	core_exact_n10	moderate_0.2_0.5	neuro_systemic	12	7	0.2439202	True	True	False	2	1	126.27840400000001	single_gene_QTL_non_eqtl_chromatin_convergence
ABCD3	rs6675959	1:94233562	1:94000000	core_exact_n10	moderate_0.2_0.5	systemic_non_neural	11	6	0.30305836	True	True	False	2	3	126.2611672	single_gene_QTL_non_eqtl_chromatin_convergence
CDCA4	rs7159328	14:104994092	14:104500000	core_exact_n10	moderate_0.2_0.5	systemic_non_neural	12	7	0.24282444	True	True	False	13	1	126.2564888	single_gene_QTL_non_eqtl_chromatin_convergence
CLIC4	rs6604978	1:24763955	1:24500000	core_exact_n10	moderate_0.2_0.5	systemic_non_neural	16	7	0.20239133	True	True	False	1	1	126.2478266	single_gene_QTL_non_eqtl_chromatin_convergence
IFT140	rs8059926	16:1711318	16:1500000	lower_recurrence_exact	moderate_0.2_0.5	neuro_systemic	9	5	0.3699632	True	True	False	13	1	126.199264	single_gene_QTL_non_eqtl_chromatin_convergence
PFKFB2	rs11586424	1:207006437	1:207000000	core_exact_n10	moderate_0.2_0.5	neuro_systemic	12	7	0.23929086	True	True	False	1	5	126.1858172	single_gene_QTL_non_eqtl_chromatin_convergence
GOLGA8B	rs16954442	15:34526826	15:34500000	core_exact_n10	moderate_0.2_0.5	neuro_systemic	15	7	0.2036529	True	True	False	5	1	126.073058	single_gene_QTL_non_eqtl_chromatin_convergence
ZNF517	rs2958492	8:144693741	8:144500000	core_exact_n10	moderate_0.2_0.5	systemic_non_neural	12	6	0.28321853	True	True	False	12	1	126.0643706	single_gene_QTL_non_eqtl_chromatin_convergence
HABP4	rs16912150	9:96515337	9:96500000	core_exact_n10	moderate_0.2_0.5	neural_enriched	11	6	0.2922082	True	True	False	5	2	126.044164	single_gene_QTL_non_eqtl_chromatin_convergence
POR	rs4728533	7:75957218	7:75500000	core_exact_n10	moderate_0.2_0.5	systemic_non_neural	15	6	0.25017676	True	True	False	1	5	126.0035352	single_gene_QTL_non_eqtl_chromatin_convergence
SPG7	rs3114870	16:89361141	16:89000000	lower_recurrence_exact	moderate_0.2_0.5	systemic_non_neural	8	7	0.26993722	True	True	False	6	2	125.99874439999999	single_gene_QTL_non_eqtl_chromatin_convergence
ISY1	rs7638827	3:129174753	3:129000000	core_exact_n10	moderate_0.2_0.5	systemic_non_neural	12	5	0.3298289	True	True	False	5	4	125.996578	single_gene_QTL_non_eqtl_chromatin_convergence
NMRAL1	rs804179	16:4325528	16:4000000	core_exact_n10	moderate_0.2_0.5	systemic_non_neural	13	6	0.26937172	True	True	False	2	5	125.9874344	single_gene_QTL_non_eqtl_chromatin_convergence
SLC11A2	rs224569	12:50993056	12:50500000	core_exact_n10	moderate_0.2_0.5	systemic_non_neural	12	7	0.22917637	True	True	False	3	2	125.9835274	single_gene_QTL_non_eqtl_chromatin_convergence
SLC4A8	rs4491281	12:51469859	12:51000000	lower_recurrence_exact	moderate_0.2_0.5	neuro_systemic	9	6	0.3090738	True	True	False	3	1	125.981476	single_gene_QTL_non_eqtl_chromatin_convergence
C11ORF80	rs470300	11:66622215	11:66500000	core_exact_n10	moderate_0.2_0.5	systemic_non_neural	11	5	0.33698657	True	True	False	8	6	125.9397314	single_gene_QTL_non_eqtl_chromatin_convergence
EIF2AK3	rs335124	2:88752509	2:88500000	core_exact_n10	hidden_lt0.2	neuro_systemic	16	7	0.18651083	True	True	False	6	1	125.93021660000001	single_gene_QTL_non_eqtl_chromatin_convergence
RXFP1	rs7376477	4:158496634	4:158000000	core_exact_n10	moderate_0.2_0.5	systemic_non_neural	13	7	0.2154307	True	True	False	2	2	125.908614	single_gene_QTL_non_eqtl_chromatin_convergence
TANC1	rs1522696	2:158932073	2:158500000	core_exact_n10	moderate_0.2_0.5	systemic_non_neural	14	6	0.2542335	True	True	False	5	1	125.88467	single_gene_QTL_non_eqtl_chromatin_convergence
ZNF628	rs889090	19:55493534	19:55000000	core_exact_n10	moderate_0.2_0.5	systemic_non_neural	19	6	0.20372267	True	True	False	3	5	125.8744534	single_gene_QTL_non_eqtl_chromatin_convergence
PIK3R2	rs1011320	19:18162237	19:18000000	core_exact_n10	moderate_0.2_0.5	systemic_non_neural	14	6	0.2528325	True	True	False	2	7	125.85665	single_gene_QTL_non_eqtl_chromatin_convergence
ADGRE1	rs11665875	19:7000390	19:7000000	core_exact_n10	moderate_0.2_0.5	neural_enriched	17	5	0.27091548	True	True	False	2	3	125.8183096	single_gene_QTL_non_eqtl_chromatin_convergence
DGCR6L	rs741413	22:20298576	22:20000000	lower_recurrence_exact	moderate_0.2_0.5	systemic_non_neural	9	7	0.24974678	True	True	False	2	7	125.7949356	single_gene_QTL_non_eqtl_chromatin_convergence
LARGE2	rs2959101	11:45996588	11:45500000	core_exact_n10	moderate_0.2_0.5	neural_enriched	16	5	0.27962735	True	True	False	3	1	125.792547	single_gene_QTL_non_eqtl_chromatin_convergence
CAPZA2	rs9649395	7:116927595	7:116500000	lower_recurrence_exact	moderate_0.2_0.5	neuro_systemic	8	5	0.35906535	True	True	False	2	2	125.781307	single_gene_QTL_non_eqtl_chromatin_convergence
ANKRD50	rs13135635	4:124998769	4:124500000	core_exact_n10	moderate_0.2_0.5	neural_enriched	19	5	0.24692222	True	True	False	1	1	125.73844439999999	single_gene_QTL_non_eqtl_chromatin_convergence
CLIC4	rs9332415	1:24771754	1:24500000	core_exact_n10	moderate_0.2_0.5	systemic_non_neural	13	6	0.25679725	True	True	False	1	1	125.73594499999999	single_gene_QTL_non_eqtl_chromatin_convergence
PRKCI	rs1705580	3:170279227	3:170000000	core_exact_n10	hidden_lt0.2	systemic_non_neural	10	8	0.18568529	True	True	False	4	4	125.7137058	single_gene_QTL_non_eqtl_chromatin_convergence
RIPK1	rs9392453	6:3086686	6:3000000	lower_recurrence_exact	moderate_0.2_0.5	systemic_non_neural	7	6	0.3155927	True	True	False	1	1	125.711854	single_gene_QTL_non_eqtl_chromatin_convergence
SGCD	rs4704994	5:156202345	5:156000000	lower_recurrence_exact	moderate_0.2_0.5	neuro_systemic	8	6	0.30365306	True	True	False	1	1	125.67306119999999	single_gene_QTL_non_eqtl_chromatin_convergence
LRP6	rs7134001	12:12239425	12:12000000	core_exact_n10	moderate_0.2_0.5	neuro_systemic	11	6	0.2733038	True	True	False	1	1	125.666076	single_gene_QTL_non_eqtl_chromatin_convergence
NCSTN	rs2066320	1:160305644	1:160000000	core_exact_n10	moderate_0.2_0.5	systemic_non_neural	13	6	0.25264356	True	True	False	1	2	125.65287119999999	single_gene_QTL_non_eqtl_chromatin_convergence
MTMR6	rs9507499	13:25319083	13:25000000	core_exact_n10	hidden_lt0.2	mixed_trait_axis	10	8	0.18242027	True	True	False	2	1	125.6484054	single_gene_QTL_non_eqtl_chromatin_convergence
PRR5L	rs331457	11:36502062	11:36500000	core_exact_n10	moderate_0.2_0.5	neural_enriched	11	6	0.2703038	True	True	False	1	5	125.606076	single_gene_QTL_non_eqtl_chromatin_convergence
ZBED5	rs7932171	11:10805373	11:10500000	core_exact_n10	moderate_0.2_0.5	systemic_non_neural	13	6	0.25026354	True	True	False	4	13	125.6052708	single_gene_QTL_non_eqtl_chromatin_convergence
PANK3	rs292489	5:168589995	5:168500000	core_exact_n10	moderate_0.2_0.5	neuro_systemic	11	5	0.31976795	True	True	False	2	3	125.595359	single_gene_QTL_non_eqtl_chromatin_convergence
LRP6	rs2160589	12:12226359	12:12000000	core_exact_n10	moderate_0.2_0.5	systemic_non_neural	11	6	0.26870275	True	True	False	1	1	125.574055	single_gene_QTL_non_eqtl_chromatin_convergence
FGFR2	rs3750815	10:121511632	10:121500000	core_exact_n10	moderate_0.2_0.5	neuro_systemic	15	5	0.27827808	True	True	False	1	1	125.5655616	single_gene_QTL_non_eqtl_chromatin_convergence
ATP6V1H	rs6981243	8:53953931	8:53500000	core_exact_n10	moderate_0.2_0.5	mixed_trait_axis	12	7	0.20595601	True	True	False	1	2	125.5191202	single_gene_QTL_non_eqtl_chromatin_convergence
DNAJB14	rs10015491	4:99994813	4:99500000	core_exact_n10	hidden_lt0.2	mixed_trait_axis	14	7	0.18480353	True	True	False	5	3	125.4960706	single_gene_QTL_non_eqtl_chromatin_convergence
SPIDR	rs4873478	8:47610734	8:47500000	lower_recurrence_exact	moderate_0.2_0.5	systemic_non_neural	9	7	0.2329046	True	True	False	5	2	125.458092	single_gene_QTL_non_eqtl_chromatin_convergence
BST2	rs2303682	19:17418951	19:17000000	lower_recurrence_exact	moderate_0.2_0.5	systemic_non_neural	8	6	0.2915136	True	True	False	5	18	125.43027199999999	single_gene_QTL_non_eqtl_chromatin_convergence
USP12	rs7981153	13:27259230	13:27000000	core_exact_n10	hidden_lt0.2	systemic_non_neural	10	8	0.17107771	True	True	False	4	10	125.4215542	single_gene_QTL_non_eqtl_chromatin_convergence
BARD1	rs10498030	2:215000851	2:215000000	core_exact_n10	moderate_0.2_0.5	neuro_systemic	10	7	0.21589023	True	True	False	2	1	125.3178046	single_gene_QTL_non_eqtl_chromatin_convergence
NTRK1	rs2150906	1:156815564	1:156500000	core_exact_n10	moderate_0.2_0.5	systemic_non_neural	10	5	0.31535095	True	True	False	3	9	125.307019	single_gene_QTL_non_eqtl_chromatin_convergence
RAB11FIP1	rs7820872	8:37870501	8:37500000	core_exact_n10	moderate_0.2_0.5	mixed_trait_axis	11	7	0.20403448	True	True	False	2	6	125.2806896	single_gene_QTL_non_eqtl_chromatin_convergence
STT3B	rs10222558	3:31565288	3:31500000	lower_recurrence_exact	moderate_0.2_0.5	systemic_non_neural	8	5	0.3339761	True	True	False	1	1	125.279522	single_gene_QTL_non_eqtl_chromatin_convergence
NDRG3	rs397625	20:36677111	20:36500000	core_exact_n10	moderate_0.2_0.5	systemic_non_neural	10	6	0.263022	True	True	False	3	6	125.26044	single_gene_QTL_non_eqtl_chromatin_convergence
DAPK2	rs11639443	15:63996706	15:63500000	core_exact_n10	moderate_0.2_0.5	systemic_non_neural	14	6	0.22261186	True	True	False	1	1	125.2522372	single_gene_QTL_non_eqtl_chromatin_convergence
SNAI2	rs1126259	8:48734876	8:48500000	core_exact_n10	moderate_0.2_0.5	systemic_non_neural	12	5	0.29230833	True	True	False	3	1	125.24616660000001	single_gene_QTL_non_eqtl_chromatin_convergence
HTR5A	rs306289	7:155008174	7:155000000	core_exact_n10	hidden_lt0.2	neuro_systemic	11	8	0.15042229	True	True	False	6	8	125.2084458	single_gene_QTL_non_eqtl_chromatin_convergence
TBC1D30	rs10784422	12:64818983	12:64500000	lower_recurrence_exact	moderate_0.2_0.5	systemic_non_neural	9	5	0.32026148	True	True	False	2	1	125.2052296	single_gene_QTL_non_eqtl_chromatin_convergence
USP12	rs3094294	13:27251238	13:27000000	core_exact_n10	hidden_lt0.2	systemic_non_neural	10	8	0.16012786	True	True	False	4	23	125.2025572	single_gene_QTL_non_eqtl_chromatin_convergence
GJC1	rs8064669	17:44797502	17:44500000	core_exact_n10	moderate_0.2_0.5	systemic_non_neural	10	6	0.25836435	True	True	False	8	1	125.167287	single_gene_QTL_non_eqtl_chromatin_convergence
TRIQK	rs440973	8:92965568	8:92500000	core_exact_n10	moderate_0.2_0.5	neural_enriched	14	6	0.21759877	True	True	False	2	8	125.1519754	single_gene_QTL_non_eqtl_chromatin_convergence
TPRKB	rs2685277	2:73783138	2:73500000	core_exact_n10	moderate_0.2_0.5	neuro_systemic	11	5	0.2973263	True	True	False	5	3	125.14652600000001	single_gene_QTL_non_eqtl_chromatin_convergence
RRN3	rs2966138	16:15143630	16:15000000	core_exact_n10	hidden_lt0.2	neuro_systemic	11	7	0.19712703	True	True	False	16	1	125.1425406	single_gene_QTL_non_eqtl_chromatin_convergence
ZBED5	rs10743150	11:10802993	11:10500000	core_exact_n10	moderate_0.2_0.5	systemic_non_neural	10	6	0.25686413	True	True	False	4	9	125.1372826	single_gene_QTL_non_eqtl_chromatin_convergence
PRKRA	rs1559908	2:178471620	2:178000000	core_exact_n10	moderate_0.2_0.5	systemic_non_neural	14	6	0.21630341	True	True	False	4	5	125.12606819999999	single_gene_QTL_non_eqtl_chromatin_convergence
POU2F3	rs1287160	11:120505159	11:120500000	core_exact_n10	moderate_0.2_0.5	systemic_non_neural	13	5	0.27600095	True	True	False	1	3	125.120019	single_gene_QTL_non_eqtl_chromatin_convergence
FUT10	rs11774193	8:33106451	8:33000000	core_exact_n10	moderate_0.2_0.5	neuro_systemic	10	7	0.20569615	True	True	False	1	4	125.113923	single_gene_QTL_non_eqtl_chromatin_convergence
IRS2	rs2225778	13:110005737	13:110000000	core_exact_n10	moderate_0.2_0.5	systemic_non_neural	10	7	0.20564176	True	True	False	4	1	125.1128352	single_gene_QTL_non_eqtl_chromatin_convergence
AGK	rs12539011	7:141595258	7:141500000	core_exact_n10	moderate_0.2_0.5	neuro_systemic	11	5	0.2955461	True	True	False	4	1	125.110922	single_gene_QTL_non_eqtl_chromatin_convergence
DNAJA2	rs7203206	16:46984250	16:46500000	lower_recurrence_exact	moderate_0.2_0.5	neuro_systemic	9	7	0.2144628	True	True	False	5	1	125.08925599999999	single_gene_QTL_non_eqtl_chromatin_convergence
MEGF6	rs7553399	1:3499885	1:3000000	core_exact_n10	moderate_0.2_0.5	systemic_other	12	5	0.284124	True	True	False	2	3	125.08248	single_gene_QTL_non_eqtl_chromatin_convergence
RGS3	rs7857217	9:113503080	9:113500000	lower_recurrence_exact	moderate_0.2_0.5	neuro_systemic	7	7	0.23403314	True	True	False	3	1	125.0806628	single_gene_QTL_non_eqtl_chromatin_convergence
CPNE2	rs12599485	16:57160876	16:57000000	lower_recurrence_exact	moderate_0.2_0.5	systemic_non_neural	9	6	0.2635717	True	True	False	3	4	125.071434	single_gene_QTL_non_eqtl_chromatin_convergence
PRKAR2A	rs9859473	3:48799749	3:48500000	core_exact_n10	moderate_0.2_0.5	systemic_non_neural	11	6	0.2423783	True	True	False	37	1	125.047566	single_gene_QTL_non_eqtl_chromatin_convergence
POLA2	rs525141	11:65322321	11:65000000	core_exact_n10	moderate_0.2_0.5	systemic_non_neural	11	5	0.28941822	True	True	False	7	5	124.98836440000001	single_gene_QTL_non_eqtl_chromatin_convergence
SEC31B	rs12780796	10:100504247	10:100500000	core_exact_n10	hidden_lt0.2	neuro_systemic	11	7	0.18922044	True	True	False	2	3	124.9844088	single_gene_QTL_non_eqtl_chromatin_convergence
RTN3	rs474548	11:63716104	11:63500000	lower_recurrence_exact	moderate_0.2_0.5	systemic_non_neural	9	6	0.25868052	True	True	False	5	1	124.9736104	single_gene_QTL_non_eqtl_chromatin_convergence
GTF2IRD1	rs37616	7:74479252	7:74000000	core_exact_n10	moderate_0.2_0.5	systemic_non_neural	12	6	0.22728527	True	True	False	1	2	124.94570540000001	single_gene_QTL_non_eqtl_chromatin_convergence
WDR5	rs6479642	9:134123074	9:134000000	lower_recurrence_exact	moderate_0.2_0.5	systemic_non_neural	7	6	0.27638552	True	True	False	1	1	124.92771040000001	single_gene_QTL_non_eqtl_chromatin_convergence
GULP1	rs12997039	2:188493001	2:188000000	lower_recurrence_exact	moderate_0.2_0.5	systemic_non_neural	8	5	0.31513995	True	True	False	1	1	124.90279899999999	single_gene_QTL_non_eqtl_chromatin_convergence
TSC22D1	rs1571934	13:44401763	13:44000000	core_exact_n10	moderate_0.2_0.5	systemic_non_neural	14	5	0.2546735	True	True	False	2	1	124.89347	single_gene_QTL_non_eqtl_chromatin_convergence
ERI2	rs7195273	16:20890191	16:20500000	core_exact_n10	hidden_lt0.2	systemic_non_neural	10	7	0.19304791	True	True	False	4	4	124.8609582	single_gene_QTL_non_eqtl_chromatin_convergence
PSMG1	rs760166	21:39346235	21:39000000	core_exact_n10	hidden_lt0.2	systemic_non_neural	11	7	0.1820922	True	True	False	2	7	124.84184400000001	single_gene_QTL_non_eqtl_chromatin_convergence
RHPN1	rs7386102	8:143300022	8:143000000	core_exact_n10	moderate_0.2_0.5	systemic_non_neural	11	5	0.2820806	True	True	False	9	2	124.841612	single_gene_QTL_non_eqtl_chromatin_convergence
PPFIA1	rs2509158	11:70231855	11:70000000	lower_recurrence_exact	moderate_0.2_0.5	neuro_systemic	9	6	0.2507474	True	True	False	2	2	124.814948	single_gene_QTL_non_eqtl_chromatin_convergence
PPFIA1	rs480105	11:70231392	11:70000000	lower_recurrence_exact	moderate_0.2_0.5	neuro_systemic	7	6	0.2703791	True	True	False	2	2	124.80758200000001	single_gene_QTL_non_eqtl_chromatin_convergence
CNOT11	rs1660695	2:101219039	2:101000000	core_exact_n10	moderate_0.2_0.5	systemic_non_neural	10	6	0.24018703	True	True	False	4	3	124.8037406	single_gene_QTL_non_eqtl_chromatin_convergence
C18ORF25	rs6507678	18:46184922	18:46000000	core_exact_n10	hidden_lt0.2	mixed_trait_axis	10	7	0.1893956	True	True	False	4	3	124.787912	single_gene_QTL_non_eqtl_chromatin_convergence
PRR5L	rs5030419	11:36509193	11:36500000	core_exact_n10	moderate_0.2_0.5	neuro_systemic	13	6	0.20841081	True	True	False	2	8	124.7682162	single_gene_QTL_non_eqtl_chromatin_convergence
GULP1	rs7420808	2:188498089	2:188000000	core_exact_n10	moderate_0.2_0.5	systemic_non_neural	10	6	0.2381467	True	True	False	1	1	124.762934	single_gene_QTL_non_eqtl_chromatin_convergence
TUBGCP2	rs7907603	10:133382473	10:133000000	lower_recurrence_exact	moderate_0.2_0.5	systemic_non_neural	8	5	0.30787796	True	True	False	6	3	124.75755919999999	single_gene_QTL_non_eqtl_chromatin_convergence
SWAP70	rs10743113	11:9626777	11:9500000	core_exact_n10	moderate_0.2_0.5	systemic_non_neural	12	6	0.21773435	True	True	False	1	3	124.754687	single_gene_QTL_non_eqtl_chromatin_convergence
PSMD4	rs6678528	1:151222856	1:151000000	core_exact_n10	moderate_0.2_0.5	systemic_non_neural	12	6	0.21734987	True	True	False	12	2	124.74699740000001	single_gene_QTL_non_eqtl_chromatin_convergence
IQGAP2	rs6880993	5:76450988	5:76000000	core_exact_n10	moderate_0.2_0.5	neuro_systemic	15	5	0.23719953	True	True	False	1	1	124.7439906	single_gene_QTL_non_eqtl_chromatin_convergence
NEO1	rs7496513	15:72998351	15:72500000	core_exact_n10	moderate_0.2_0.5	systemic_other	10	5	0.28714615	True	True	False	2	1	124.742923	single_gene_QTL_non_eqtl_chromatin_convergence
EBF3	rs556327	10:129949441	10:129500000	lower_recurrence_exact	moderate_0.2_0.5	systemic_non_neural	9	6	0.24678005	True	True	False	1	2	124.735601	single_gene_QTL_non_eqtl_chromatin_convergence
GLO1	rs1739633	6:38649944	6:38500000	lower_recurrence_exact	moderate_0.2_0.5	neuro_systemic	8	5	0.3061127	True	True	False	2	2	124.72225399999999	single_gene_QTL_non_eqtl_chromatin_convergence
SHQ1	rs2679208	3:72738289	3:72500000	core_exact_n10	hidden_lt0.2	systemic_non_neural	11	7	0.17597632	True	True	False	2	3	124.7195264	single_gene_QTL_non_eqtl_chromatin_convergence
PYURF	rs9784397	4:88455565	4:88000000	core_exact_n10	moderate_0.2_0.5	systemic_non_neural	11	5	0.2757119	True	True	False	1	13	124.71423800000001	single_gene_QTL_non_eqtl_chromatin_convergence
NGDN	rs69931	14:23509624	14:23500000	core_exact_n10	moderate_0.2_0.5	neuro_systemic	14	5	0.24547188	True	True	False	2	2	124.7094376	single_gene_QTL_non_eqtl_chromatin_convergence
MAP4K5	rs4898660	14:50478110	14:50000000	core_exact_n10	moderate_0.2_0.5	systemic_non_neural	11	6	0.22516881	True	True	False	6	2	124.70337620000001	single_gene_QTL_non_eqtl_chromatin_convergence
ZDHHC11	rs454805	5:742624	5:500000	core_exact_n10	moderate_0.2_0.5	systemic_non_neural	10	5	0.28498328	True	True	False	9	1	124.6996656	single_gene_QTL_non_eqtl_chromatin_convergence
PCGF2	rs9899846	17:38687583	17:38500000	core_exact_n10	moderate_0.2_0.5	neural_enriched	11	5	0.273299	True	True	False	4	4	124.66598	single_gene_QTL_non_eqtl_chromatin_convergence
FNBP1	rs1322671	9:129997529	9:129500000	core_exact_n10	moderate_0.2_0.5	systemic_non_neural	12	5	0.26131713	True	True	False	3	1	124.6263426	single_gene_QTL_non_eqtl_chromatin_convergence
TRIP12	rs1599843	2:229802854	2:229500000	core_exact_n10	moderate_0.2_0.5	systemic_non_neural	11	6	0.22059461	True	True	False	1	3	124.6118922	single_gene_QTL_non_eqtl_chromatin_convergence
KIFC3	rs4255774	16:57812873	16:57500000	core_exact_n10	moderate_0.2_0.5	systemic_other	11	5	0.2703454	True	True	False	1	6	124.606908	single_gene_QTL_non_eqtl_chromatin_convergence
FOXK1	rs7781456	7:4722512	7:4500000	core_exact_n10	moderate_0.2_0.5	systemic_non_neural	11	5	0.2699898	True	True	False	1	1	124.599796	single_gene_QTL_non_eqtl_chromatin_convergence
FCGR2A	rs6684851	1:161494622	1:161000000	core_exact_n10	moderate_0.2_0.5	systemic_non_neural	10	6	0.2293677	True	True	False	3	1	124.587354	single_gene_QTL_non_eqtl_chromatin_convergence
AKAP8L	rs56825447	19:15298836	19:15000000	core_exact_n10	moderate_0.2_0.5	neural_enriched	10	5	0.27893135	True	True	False	3	4	124.578627	single_gene_QTL_non_eqtl_chromatin_convergence
FAM210A	rs948276	18:13665590	18:13500000	core_exact_n10	hidden_lt0.2	mixed_trait_axis	11	7	0.1688971	True	True	False	1	3	124.57794200000001	single_gene_QTL_non_eqtl_chromatin_convergence
TMEM242	rs2749665	6:157384530	6:157000000	lower_recurrence_exact	moderate_0.2_0.5	systemic_non_neural	8	6	0.24866547	True	True	False	4	11	124.5733094	single_gene_QTL_non_eqtl_chromatin_convergence
STK24	rs9517327	13:98502081	13:98500000	lower_recurrence_exact	moderate_0.2_0.5	systemic_non_neural	9	6	0.23688363	True	True	False	2	2	124.5376726	single_gene_QTL_non_eqtl_chromatin_convergence
OTOA	rs194548	16:21597151	16:21500000	core_exact_n10	hidden_lt0.2	systemic_non_neural	14	6	0.18687293	True	True	False	5	4	124.5374586	single_gene_QTL_non_eqtl_chromatin_convergence
RAB11FIP1	rs1054748	8:37860950	8:37500000	core_exact_n10	moderate_0.2_0.5	systemic_non_neural	11	6	0.21683018	True	True	False	2	5	124.5366036	single_gene_QTL_non_eqtl_chromatin_convergence
PGPEP1	rs11086106	19:18350648	19:18000000	lower_recurrence_exact	moderate_0.2_0.5	neuro_systemic	9	5	0.28654322	True	True	False	1	5	124.5308644	single_gene_QTL_non_eqtl_chromatin_convergence
ARFGEF1	rs891589	8:67381205	8:67000000	lower_recurrence_exact	moderate_0.2_0.5	systemic_non_neural	8	6	0.24617782	True	True	False	1	1	124.52355639999999	single_gene_QTL_non_eqtl_chromatin_convergence
INPP5B	rs7513555	1:38006844	1:38000000	lower_recurrence_exact	moderate_0.2_0.5	systemic_non_neural	9	6	0.2359388	True	True	False	1	6	124.518776	single_gene_QTL_non_eqtl_chromatin_convergence
RASEF	rs17397432	9:83013154	9:83000000	core_exact_n10	hidden_lt0.2	mixed_trait_axis	12	7	0.15571268	True	True	False	1	1	124.5142536	single_gene_QTL_non_eqtl_chromatin_convergence
LRRC8D	rs6690747	1:89997331	1:89500000	lower_recurrence_exact	moderate_0.2_0.5	systemic_non_neural	7	6	0.2556837	True	True	False	1	19	124.51367400000001	single_gene_QTL_non_eqtl_chromatin_convergence
PPP1R32	rs10792315	11:61507318	11:61500000	lower_recurrence_exact	moderate_0.2_0.5	neuro_systemic	6	5	0.315529	True	True	False	2	3	124.51058	single_gene_QTL_non_eqtl_chromatin_convergence
NEDD4	rs1509408	15:55994115	15:55500000	core_exact_n10	moderate_0.2_0.5	systemic_non_neural	10	6	0.22452748	True	True	False	3	8	124.4905496	single_gene_QTL_non_eqtl_chromatin_convergence
TRIM69	rs2706475	15:44156311	15:44000000	core_exact_n10	hidden_lt0.2	neuro_systemic	10	8	0.12427373	True	True	False	3	3	124.4854746	single_gene_QTL_non_eqtl_chromatin_convergence
WDR35	rs6734005	2:20001697	2:20000000	core_exact_n10	moderate_0.2_0.5	neural_enriched	11	6	0.2131798	True	True	False	4	1	124.463596	single_gene_QTL_non_eqtl_chromatin_convergence
CEACAM1	rs75171220	19:42501973	19:42500000	core_exact_n10	moderate_0.2_0.5	neuro_systemic	11	5	0.26236692	True	True	False	4	1	124.4473384	single_gene_QTL_non_eqtl_chromatin_convergence
MAP4K4	rs2066942	2:101829265	2:101500000	core_exact_n10	moderate_0.2_0.5	systemic_non_neural	10	5	0.2713216	True	True	False	4	5	124.426432	single_gene_QTL_non_eqtl_chromatin_convergence
MCM4	rs118051587	8:48000210	8:48000000	core_exact_n10	hidden_lt0.2	neuro_systemic	12	7	0.14979969	True	True	False	2	4	124.3959938	single_gene_QTL_non_eqtl_chromatin_convergence
PRKCSH	rs311805	19:11487668	19:11000000	lower_recurrence_exact	moderate_0.2_0.5	neuro_systemic	8	5	0.28952572	True	True	False	4	4	124.3905144	single_gene_QTL_non_eqtl_chromatin_convergence
NELFA	rs506996	4:1998531	4:1500000	core_exact_n10	moderate_0.2_0.5	neural_enriched	16	5	0.20780988	True	True	False	4	1	124.3561976	single_gene_QTL_non_eqtl_chromatin_convergence
PFN2	rs9864069	3:149881995	3:149500000	lower_recurrence_exact	moderate_0.2_0.5	systemic_non_neural	9	6	0.22756983	True	True	False	3	1	124.3513966	single_gene_QTL_non_eqtl_chromatin_convergence
CHRAC1	rs12678954	8:140488457	8:140000000	lower_recurrence_exact	moderate_0.2_0.5	systemic_non_neural	9	5	0.27602544	True	True	False	1	1	124.3205088	single_gene_QTL_non_eqtl_chromatin_convergence
MAP4	rs17079910	3:48015657	3:48000000	core_exact_n10	moderate_0.2_0.5	neural_enriched	10	6	0.21527304	True	True	False	3	2	124.3054608	single_gene_QTL_non_eqtl_chromatin_convergence
MAP3K12	rs7958457	12:53486869	12:53000000	core_exact_n10	moderate_0.2_0.5	systemic_non_neural	11	5	0.25438097	True	True	False	9	4	124.2876194	single_gene_QTL_non_eqtl_chromatin_convergence
LAT2	rs412425	7:74148784	7:74000000	lower_recurrence_exact	moderate_0.2_0.5	systemic_non_neural	6	5	0.3032324	True	True	False	3	1	124.26464800000001	single_gene_QTL_non_eqtl_chromatin_convergence
SPIDR	rs4608108	8:47602961	8:47500000	lower_recurrence_exact	moderate_0.2_0.5	neuro_systemic	9	6	0.22301412	True	True	False	6	2	124.2602824	single_gene_QTL_non_eqtl_chromatin_convergence
CEACAM1	rs75434673	19:42501975	19:42500000	core_exact_n10	moderate_0.2_0.5	neuro_systemic	10	5	0.26236638	True	True	False	4	1	124.2473276	single_gene_QTL_non_eqtl_chromatin_convergence
RSPRY1	rs11643790	16:57227234	16:57000000	lower_recurrence_exact	moderate_0.2_0.5	systemic_non_neural	9	6	0.22167702	True	True	False	4	2	124.2335404	single_gene_QTL_non_eqtl_chromatin_convergence
SSX2IP	rs312395	1:84509277	1:84500000	core_exact_n10	hidden_lt0.2	neuro_systemic	12	7	0.14137763	True	True	False	5	19	124.22755260000001	single_gene_QTL_non_eqtl_chromatin_convergence
DENND4A	rs10851749	15:65828861	15:65500000	lower_recurrence_exact	moderate_0.2_0.5	systemic_non_neural	7	6	0.23962246	True	True	False	4	4	124.1924492	single_gene_QTL_non_eqtl_chromatin_convergence
STK3	rs2922068	8:98913400	8:98500000	lower_recurrence_exact	moderate_0.2_0.5	systemic_non_neural	6	5	0.29952127	True	True	False	2	1	124.19042540000001	single_gene_QTL_non_eqtl_chromatin_convergence
RAD52	rs7138367	12:968728	12:500000	lower_recurrence_exact	moderate_0.2_0.5	neuro_systemic	9	6	0.2186527	True	True	False	1	2	124.173054	single_gene_QTL_non_eqtl_chromatin_convergence
LRRC8D	rs2816866	1:89989856	1:89500000	core_exact_n10	moderate_0.2_0.5	systemic_non_neural	12	5	0.23770119	True	True	False	1	14	124.1540238	single_gene_QTL_non_eqtl_chromatin_convergence
SCAF11	rs11574952	12:45992032	12:45500000	core_exact_n10	hidden_lt0.2	systemic_non_neural	13	6	0.17721967	True	True	False	2	15	124.1443934	single_gene_QTL_non_eqtl_chromatin_convergence
MIB1	rs9948906	18:21826269	18:21500000	core_exact_n10	moderate_0.2_0.5	systemic_non_neural	11	5	0.24478981	True	True	False	1	3	124.0957962	single_gene_QTL_non_eqtl_chromatin_convergence
NUMA1	rs6592327	11:71781623	11:71500000	core_exact_n10	moderate_0.2_0.5	systemic_non_neural	10	5	0.2546231	True	True	False	5	12	124.092462	single_gene_QTL_non_eqtl_chromatin_convergence
RNF13	rs1350349	3:149908752	3:149500000	core_exact_n10	moderate_0.2_0.5	systemic_non_neural	12	5	0.23422605	True	True	False	4	1	124.08452100000001	single_gene_QTL_non_eqtl_chromatin_convergence
RAB11B	rs1808536	19:8376973	19:8000000	core_exact_n10	moderate_0.2_0.5	systemic_non_neural	14	5	0.21393882	True	True	False	4	1	124.0787764	single_gene_QTL_non_eqtl_chromatin_convergence
LZTR1	rs178297	22:20999039	22:20500000	core_exact_n10	moderate_0.2_0.5	neural_enriched	10	6	0.20346299	True	True	False	8	1	124.0692598	single_gene_QTL_non_eqtl_chromatin_convergence
MB21D2	rs281797	3:193593967	3:193500000	core_exact_n10	moderate_0.2_0.5	neural_enriched	11	5	0.2431515	True	True	False	4	10	124.06303	single_gene_QTL_non_eqtl_chromatin_convergence
LRRC8D	rs2490113	1:89990538	1:89500000	core_exact_n10	moderate_0.2_0.5	systemic_non_neural	12	5	0.23251396	True	True	False	1	14	124.0502792	single_gene_QTL_non_eqtl_chromatin_convergence
TRMT12	rs10105517	8:124465556	8:124000000	lower_recurrence_exact	moderate_0.2_0.5	systemic_non_neural	8	6	0.22226459	True	True	False	1	1	124.0452918	single_gene_QTL_non_eqtl_chromatin_convergence
GDF5	rs224330	20:35434398	20:35000000	lower_recurrence_exact	moderate_0.2_0.5	systemic_non_neural	6	5	0.29076156	True	True	False	5	5	124.0152312	single_gene_QTL_non_eqtl_chromatin_convergence
PCDHGC3	rs55892286	5:141506904	5:141500000	core_exact_n10	hidden_lt0.2	neuro_systemic	11	7	0.1405369	True	True	False	4	15	124.010738	single_gene_QTL_non_eqtl_chromatin_convergence
GPRC5C	rs4789658	17:74393387	17:74000000	core_exact_n10	moderate_0.2_0.5	systemic_non_neural	12	5	0.23031814	True	True	False	2	2	124.0063628	single_gene_QTL_non_eqtl_chromatin_convergence
AHI1	rs7771001	6:135506613	6:135500000	core_exact_n10	moderate_0.2_0.5	systemic_non_neural	11	5	0.23987214	True	True	False	2	4	123.9974428	single_gene_QTL_non_eqtl_chromatin_convergence
TLL2	rs11188801	10:96500713	10:96500000	lower_recurrence_exact	moderate_0.2_0.5	neuro_systemic	8	6	0.2197214	True	True	False	1	1	123.994428	single_gene_QTL_non_eqtl_chromatin_convergence
INPP5A	rs10747060	10:132471503	10:132000000	core_exact_n10	moderate_0.2_0.5	systemic_non_neural	12	5	0.22927201	True	True	False	3	1	123.9854402	single_gene_QTL_non_eqtl_chromatin_convergence
CD55	rs7543742	1:207500635	1:207500000	core_exact_n10	hidden_lt0.2	neural_enriched	13	6	0.16915725	True	True	False	1	4	123.983145	single_gene_QTL_non_eqtl_chromatin_convergence
SIX1	rs767603	14:60631965	14:60500000	lower_recurrence_exact	moderate_0.2_0.5	systemic_non_neural	8	5	0.26905206	True	True	False	9	1	123.98104119999999	single_gene_QTL_non_eqtl_chromatin_convergence
ZNF397	rs4799791	18:35252619	18:35000000	core_exact_n10	hidden_lt0.2	systemic_non_neural	11	6	0.18903604	True	True	False	5	2	123.9807208	single_gene_QTL_non_eqtl_chromatin_convergence
LPCAT1	rs7706238	5:1500001	5:1500000	core_exact_n10	hidden_lt0.2	neuro_systemic	10	6	0.19862124	True	True	False	1	2	123.9724248	single_gene_QTL_non_eqtl_chromatin_convergence
CSRP2	rs1017784	12:76764639	12:76500000	lower_recurrence_exact	moderate_0.2_0.5	systemic_non_neural	7	6	0.2285663	True	True	False	2	23	123.971326	single_gene_QTL_non_eqtl_chromatin_convergence
RAB11FIP1	rs7817179	8:37870499	8:37500000	core_exact_n10	hidden_lt0.2	neural_enriched	10	6	0.19826484	True	True	False	2	6	123.9652968	single_gene_QTL_non_eqtl_chromatin_convergence
ZNF362	rs10914660	1:33132187	1:33000000	core_exact_n10	hidden_lt0.2	neuro_systemic	14	6	0.15796083	True	True	False	3	4	123.95921659999999	single_gene_QTL_non_eqtl_chromatin_convergence
CA2	rs987390	8:85635122	8:85500000	lower_recurrence_exact	moderate_0.2_0.5	systemic_non_neural	9	6	0.20659056	True	True	False	3	1	123.9318112	single_gene_QTL_non_eqtl_chromatin_convergence
PLXDC1	rs3848398	17:38994303	17:38500000	lower_recurrence_exact	moderate_0.2_0.5	systemic_non_neural	8	6	0.21617658	True	True	False	6	1	123.92353159999999	single_gene_QTL_non_eqtl_chromatin_convergence
PPP5C	rs8100021	19:46303373	19:46000000	lower_recurrence_exact	moderate_0.2_0.5	systemic_non_neural	9	6	0.20584333	True	True	False	4	1	123.91686659999999	single_gene_QTL_non_eqtl_chromatin_convergence
TMEM184C	rs6836509	4:147733500	4:147500000	core_exact_n10	moderate_0.2_0.5	systemic_non_neural	11	5	0.23536976	True	True	False	1	6	123.9073952	single_gene_QTL_non_eqtl_chromatin_convergence
LUZP1	rs1050096	1:23558170	1:23500000	core_exact_n10	hidden_lt0.2	neuro_systemic	10	7	0.14516947	True	True	False	2	14	123.9033894	single_gene_QTL_non_eqtl_chromatin_convergence
RAB10	rs7596494	2:25993251	2:25500000	lower_recurrence_exact	moderate_0.2_0.5	systemic_non_neural	8	5	0.2649117	True	True	False	2	3	123.898234	single_gene_QTL_non_eqtl_chromatin_convergence
EPS8	rs11829666	12:15698531	12:15500000	lower_recurrence_exact	moderate_0.2_0.5	systemic_non_neural	9	5	0.25444907	True	True	False	1	1	123.88898139999999	single_gene_QTL_non_eqtl_chromatin_convergence
PLIN3	rs11881908	19:4852513	19:4500000	core_exact_n10	moderate_0.2_0.5	systemic_non_neural	12	5	0.22425106	True	True	False	1	3	123.88502120000001	single_gene_QTL_non_eqtl_chromatin_convergence
PBX3	rs2841338	9:125427023	9:125000000	lower_recurrence_exact	moderate_0.2_0.5	systemic_non_neural	8	5	0.26282904	True	True	False	6	1	123.85658079999999	single_gene_QTL_non_eqtl_chromatin_convergence
DIP2B	rs2684906	12:50647660	12:50500000	core_exact_n10	moderate_0.2_0.5	systemic_other	10	5	0.24267371	True	True	False	3	1	123.8534742	single_gene_QTL_non_eqtl_chromatin_convergence
ANO6	rs2012937	12:45280678	12:45000000	lower_recurrence_exact	moderate_0.2_0.5	systemic_non_neural	9	6	0.20257641	True	True	False	1	2	123.85152819999999	single_gene_QTL_non_eqtl_chromatin_convergence
ZYX	rs12532738	7:143503455	7:143500000	lower_recurrence_exact	moderate_0.2_0.5	neuro_systemic	7	5	0.27253154	True	True	False	5	1	123.8506308	single_gene_QTL_non_eqtl_chromatin_convergence
SF3A3	rs11211085	1:38001025	1:38000000	core_exact_n10	hidden_lt0.2	neural_enriched	10	6	0.19252005	True	True	False	2	8	123.850401	single_gene_QTL_non_eqtl_chromatin_convergence
NECTIN3	rs6765948	3:111016708	3:111000000	lower_recurrence_exact	moderate_0.2_0.5	neuro_systemic	8	5	0.26225698	True	True	False	1	1	123.8451396	single_gene_QTL_non_eqtl_chromatin_convergence
SEMA4D	rs11265780	9:89501649	9:89500000	core_exact_n10	hidden_lt0.2	mixed_trait_axis	10	7	0.14201194	True	True	False	2	1	123.8402388	single_gene_QTL_non_eqtl_chromatin_convergence
LLGL2	rs871443	17:75757422	17:75500000	core_exact_n10	moderate_0.2_0.5	systemic_non_neural	11	5	0.23099634	True	True	False	6	10	123.8199268	single_gene_QTL_non_eqtl_chromatin_convergence
CCSER2	rs7095983	10:84374498	10:84000000	lower_recurrence_exact	moderate_0.2_0.5	neuro_systemic	9	5	0.25084415	True	True	False	1	1	123.81688299999999	single_gene_QTL_non_eqtl_chromatin_convergence
NET1	rs9423434	10:5501629	10:5500000	core_exact_n10	hidden_lt0.2	neural_enriched	10	6	0.1906158	True	True	False	5	1	123.812316	single_gene_QTL_non_eqtl_chromatin_convergence
DEPTOR	rs6469882	8:119998232	8:119500000	core_exact_n10	hidden_lt0.2	systemic_non_neural	10	6	0.19048919	True	True	False	5	1	123.8097838	single_gene_QTL_non_eqtl_chromatin_convergence
ZNF217	rs4811449	20:53652626	20:53500000	lower_recurrence_exact	moderate_0.2_0.5	systemic_non_neural	6	6	0.22958575	True	True	False	1	1	123.791715	single_gene_QTL_non_eqtl_chromatin_convergence
ZNF143	rs729313	11:9480200	11:9000000	core_exact_n10	moderate_0.2_0.5	systemic_non_neural	10	5	0.23954	True	True	False	4	2	123.7908	single_gene_QTL_non_eqtl_chromatin_convergence
DENND4A	rs2899713	15:65824996	15:65500000	lower_recurrence_exact	moderate_0.2_0.5	systemic_non_neural	6	5	0.27938056	True	True	False	4	4	123.7876112	single_gene_QTL_non_eqtl_chromatin_convergence
FAM117B	rs7571824	2:202655549	2:202500000	core_exact_n10	hidden_lt0.2	systemic_non_neural	11	6	0.17607912	True	True	False	4	1	123.7215824	single_gene_QTL_non_eqtl_chromatin_convergence
NF1	rs4795570	17:31067523	17:31000000	core_exact_n10	hidden_lt0.2	systemic_non_neural	14	5	0.19587635	True	True	False	6	3	123.717527	single_gene_QTL_non_eqtl_chromatin_convergence
IDH1	rs10202116	2:208244034	2:208000000	lower_recurrence_exact	moderate_0.2_0.5	neuro_systemic	8	6	0.20511453	True	True	False	2	1	123.7022906	single_gene_QTL_non_eqtl_chromatin_convergence
XRN2	rs6035825	20:21280594	20:21000000	lower_recurrence_exact	moderate_0.2_0.5	systemic_non_neural	7	5	0.26477253	True	True	False	1	1	123.6954506	single_gene_QTL_non_eqtl_chromatin_convergence
FKRP	rs313846	19:46729887	19:46500000	lower_recurrence_exact	moderate_0.2_0.5	systemic_non_neural	7	5	0.26454678	True	True	False	2	8	123.6909356	single_gene_QTL_non_eqtl_chromatin_convergence
TOR4A	rs61759822	9:137252821	9:137000000	core_exact_n10	moderate_0.2_0.5	systemic_other	13	5	0.20418139	True	True	False	6	6	123.6836278	single_gene_QTL_non_eqtl_chromatin_convergence
RABGAP1	rs2791438	9:122978819	9:122500000	core_exact_n10	hidden_lt0.2	systemic_non_neural	11	6	0.17332315	True	True	False	2	4	123.66646300000001	single_gene_QTL_non_eqtl_chromatin_convergence
OTUD7A	rs898212	15:31499633	15:31000000	lower_recurrence_exact	moderate_0.2_0.5	neuro_systemic	8	5	0.25292295	True	True	False	1	5	123.658459	single_gene_QTL_non_eqtl_chromatin_convergence
ZYX	rs7792164	7:143503513	7:143500000	lower_recurrence_exact	moderate_0.2_0.5	neuro_systemic	6	5	0.27258152	True	True	False	5	1	123.6516304	single_gene_QTL_non_eqtl_chromatin_convergence
TMEM221	rs890839	19:17460957	19:17000000	lower_recurrence_exact	moderate_0.2_0.5	systemic_non_neural	8	6	0.202215	True	True	False	3	9	123.64429999999999	single_gene_QTL_non_eqtl_chromatin_convergence
KPTN	rs830133	19:47471321	19:47000000	core_exact_n10	hidden_lt0.2	systemic_non_neural	10	6	0.18210492	True	True	False	1	3	123.6420984	single_gene_QTL_non_eqtl_chromatin_convergence
UBA2	rs4619515	19:34400577	19:34000000	lower_recurrence_exact	moderate_0.2_0.5	systemic_non_neural	7	5	0.26188147	True	True	False	2	3	123.63762940000001	single_gene_QTL_non_eqtl_chromatin_convergence
LUZP1	rs11574	1:23559007	1:23500000	lower_recurrence_exact	moderate_0.2_0.5	systemic_non_neural	7	5	0.26133898	True	True	False	1	14	123.6267796	single_gene_QTL_non_eqtl_chromatin_convergence
CCDC68	rs72934617	18:55000647	18:55000000	core_exact_n10	hidden_lt0.2	neuro_systemic	10	6	0.18109782	True	True	False	2	2	123.6219564	single_gene_QTL_non_eqtl_chromatin_convergence
PFN2	rs2035741	3:149882039	3:149500000	lower_recurrence_exact	moderate_0.2_0.5	systemic_non_neural	9	5	0.23984495	True	True	False	2	1	123.596899	single_gene_QTL_non_eqtl_chromatin_convergence
GNB1	rs6603811	1:1774697	1:1500000	lower_recurrence_exact	moderate_0.2_0.5	systemic_non_neural	7	5	0.25883454	True	True	False	8	1	123.57669080000001	single_gene_QTL_non_eqtl_chromatin_convergence
COBL	rs2215164	7:51251631	7:51000000	lower_recurrence_exact	moderate_0.2_0.5	neuro_systemic	6	5	0.26874703	True	True	False	1	1	123.5749406	single_gene_QTL_non_eqtl_chromatin_convergence
PPCDC	rs11638544	15:75181149	15:75000000	lower_recurrence_exact	moderate_0.2_0.5	systemic_non_neural	7	6	0.20844655	True	True	False	2	2	123.568931	single_gene_QTL_non_eqtl_chromatin_convergence
CD8A	rs2271666	2:86770425	2:86500000	core_exact_n10	hidden_lt0.2	neuro_systemic	10	6	0.17630027	True	True	False	8	1	123.5260054	single_gene_QTL_non_eqtl_chromatin_convergence
DST	rs1870639	6:56862021	6:56500000	lower_recurrence_exact	moderate_0.2_0.5	neuro_systemic	9	5	0.23615813	True	True	False	2	5	123.52316259999999	single_gene_QTL_non_eqtl_chromatin_convergence
ZC3H12C	rs1648144	11:109998576	11:109500000	core_exact_n10	hidden_lt0.2	neural_enriched	11	6	0.16593246	True	True	False	1	1	123.5186492	single_gene_QTL_non_eqtl_chromatin_convergence
ABCB9	rs1037593	12:122884582	12:122500000	core_exact_n10	moderate_0.2_0.5	systemic_non_neural	10	5	0.22516997	True	True	False	4	8	123.5033994	single_gene_QTL_non_eqtl_chromatin_convergence
GPRC5C	rs2706527	17:74447053	17:74000000	lower_recurrence_exact	moderate_0.2_0.5	systemic_non_neural	9	5	0.23496038	True	True	False	1	9	123.49920759999999	single_gene_QTL_non_eqtl_chromatin_convergence
GRK5	rs4237510	10:119234149	10:119000000	lower_recurrence_exact	moderate_0.2_0.5	neuro_systemic	8	5	0.2447689	True	True	False	3	2	123.49537799999999	single_gene_QTL_non_eqtl_chromatin_convergence
HNRNPM	rs6603083	19:8482573	19:8000000	lower_recurrence_exact	moderate_0.2_0.5	systemic_non_neural	9	5	0.23421906	True	True	False	3	4	123.4843812	single_gene_QTL_non_eqtl_chromatin_convergence
TRRAP	rs1685124	7:98853887	7:98500000	lower_recurrence_exact	moderate_0.2_0.5	systemic_non_neural	9	5	0.23238145	True	True	False	6	1	123.44762899999999	single_gene_QTL_non_eqtl_chromatin_convergence
IRX5	rs8045838	16:54942584	16:54500000	core_exact_n10	hidden_lt0.2	systemic_non_neural	10	6	0.17198023	True	True	False	3	2	123.4396046	single_gene_QTL_non_eqtl_chromatin_convergence
RIPK1	rs9405191	6:3086719	6:3000000	lower_recurrence_exact	moderate_0.2_0.5	systemic_non_neural	7	5	0.25173807	True	True	False	1	1	123.4347614	single_gene_QTL_non_eqtl_chromatin_convergence
CIRBP	rs8108009	19:1274540	19:1000000	core_exact_n10	moderate_0.2_0.5	systemic_non_neural	10	5	0.21931043	True	True	False	2	16	123.3862086	single_gene_QTL_non_eqtl_chromatin_convergence
C15ORF40	rs1037403	15:82995439	15:82500000	lower_recurrence_exact	moderate_0.2_0.5	systemic_non_neural	8	5	0.23877503	True	True	False	11	2	123.3755006	single_gene_QTL_non_eqtl_chromatin_convergence
CYP2U1	rs7667856	4:107995262	4:107500000	lower_recurrence_exact	moderate_0.2_0.5	systemic_non_neural	8	5	0.23858276	True	True	False	5	8	123.37165519999999	single_gene_QTL_non_eqtl_chromatin_convergence
HIGD1A	rs339680	3:42756268	3:42500000	lower_recurrence_exact	moderate_0.2_0.5	systemic_non_neural	8	5	0.23782875	True	True	False	3	6	123.35657499999999	single_gene_QTL_non_eqtl_chromatin_convergence
TRPV6	rs10243382	7:142997623	7:142500000	lower_recurrence_exact	moderate_0.2_0.5	systemic_non_neural	7	5	0.2477536	True	True	False	3	3	123.355072	single_gene_QTL_non_eqtl_chromatin_convergence
DCP1A	rs6806814	3:53323991	3:53000000	lower_recurrence_exact	moderate_0.2_0.5	systemic_non_neural	7	5	0.24737561	True	True	False	7	1	123.34751220000001	single_gene_QTL_non_eqtl_chromatin_convergence
AHSP	rs10596	16:31477595	16:31000000	lower_recurrence_exact	moderate_0.2_0.5	neuro_systemic	7	5	0.2472073	True	True	False	13	7	123.34414600000001	single_gene_QTL_non_eqtl_chromatin_convergence
NAT10	rs12577490	11:34007218	11:34000000	core_exact_n10	hidden_lt0.2	neuro_systemic	12	6	0.1470105	True	True	False	1	2	123.34021	single_gene_QTL_non_eqtl_chromatin_convergence
DACT3	rs314674	19:46691366	19:46500000	lower_recurrence_exact	moderate_0.2_0.5	systemic_non_neural	7	5	0.24671413	True	True	False	8	1	123.33428260000001	single_gene_QTL_non_eqtl_chromatin_convergence
CHD2	rs10852181	15:92869548	15:92500000	core_exact_n10	moderate_0.2_0.5	systemic_non_neural	11	5	0.20597163	True	True	False	1	1	123.3194326	single_gene_QTL_non_eqtl_chromatin_convergence
SFXN4	rs10466210	10:119210869	10:119000000	lower_recurrence_exact	moderate_0.2_0.5	systemic_non_neural	8	5	0.23565619	True	True	False	1	2	123.3131238	single_gene_QTL_non_eqtl_chromatin_convergence
SHMT2	rs7956957	12:57209032	12:57000000	lower_recurrence_exact	moderate_0.2_0.5	systemic_non_neural	7	5	0.24440394	True	True	False	5	3	123.28807880000001	single_gene_QTL_non_eqtl_chromatin_convergence
GJC1	rs758020	17:44795211	17:44500000	lower_recurrence_exact	moderate_0.2_0.5	systemic_non_neural	5	5	0.2637526	True	True	False	6	1	123.275052	single_gene_QTL_non_eqtl_chromatin_convergence
CERS4	rs1542538	19:8242299	19:8000000	core_exact_n10	moderate_0.2_0.5	systemic_non_neural	11	5	0.20332776	True	True	False	1	3	123.2665552	single_gene_QTL_non_eqtl_chromatin_convergence
FAM81A	rs4296198	15:59492294	15:59000000	lower_recurrence_exact	moderate_0.2_0.5	systemic_non_neural	7	5	0.24304554	True	True	False	1	4	123.2609108	single_gene_QTL_non_eqtl_chromatin_convergence
SPTSSA	rs12884423	14:34496082	14:34000000	core_exact_n10	moderate_0.2_0.5	systemic_non_neural	10	5	0.21243767	True	True	False	3	2	123.2487534	single_gene_QTL_non_eqtl_chromatin_convergence
POMK	rs4559283	8:43171867	8:43000000	lower_recurrence_exact	moderate_0.2_0.5	systemic_non_neural	6	6	0.20118025	True	True	False	4	1	123.223605	single_gene_QTL_non_eqtl_chromatin_convergence
TMBIM4	rs1152918	12:66242522	12:66000000	lower_recurrence_exact	moderate_0.2_0.5	neuro_systemic	9	5	0.22115763	True	True	False	2	1	123.22315259999999	single_gene_QTL_non_eqtl_chromatin_convergence
MIB1	rs8092100	18:21823475	18:21500000	core_exact_n10	hidden_lt0.2	systemic_non_neural	12	5	0.19018203	True	True	False	2	2	123.2036406	single_gene_QTL_non_eqtl_chromatin_convergence
C15ORF40	rs3816450	15:83164182	15:83000000	lower_recurrence_exact	moderate_0.2_0.5	systemic_non_neural	7	5	0.23987085	True	True	False	5	4	123.197417	single_gene_QTL_non_eqtl_chromatin_convergence
LRRC10B	rs2943813	11:61490996	11:61000000	lower_recurrence_exact	moderate_0.2_0.5	systemic_non_neural	7	5	0.23883002	True	True	False	7	1	123.17660040000001	single_gene_QTL_non_eqtl_chromatin_convergence
SMAD4	rs12456284	18:51083598	18:51000000	core_exact_n10	hidden_lt0.2	neural_enriched	11	6	0.1484959	True	True	False	3	2	123.169918	single_gene_QTL_non_eqtl_chromatin_convergence
DCP1A	rs2358619	3:53309906	3:53000000	lower_recurrence_exact	moderate_0.2_0.5	systemic_non_neural	6	5	0.24730682	True	True	False	7	2	123.1461364	single_gene_QTL_non_eqtl_chromatin_convergence
MAP3K14	rs1000354	17:45336085	17:45000000	lower_recurrence_exact	moderate_0.2_0.5	systemic_non_neural	9	5	0.21639639	True	True	False	23	1	123.1279278	single_gene_QTL_non_eqtl_chromatin_convergence
NDUFS5	rs4336843	1:38985716	1:38500000	core_exact_n10	moderate_0.2_0.5	systemic_non_neural	10	5	0.20605004	True	True	False	2	6	123.1210008	single_gene_QTL_non_eqtl_chromatin_convergence
TMEM65	rs7002456	8:124336936	8:124000000	lower_recurrence_exact	moderate_0.2_0.5	systemic_non_neural	9	5	0.21420994	True	True	False	1	1	123.0841988	single_gene_QTL_non_eqtl_chromatin_convergence
RHOD	rs11607327	11:67074192	11:67000000	lower_recurrence_exact	moderate_0.2_0.5	neuro_systemic	6	5	0.24340588	True	True	False	8	4	123.06811760000001	single_gene_QTL_non_eqtl_chromatin_convergence
SYNE2	rs7153036	14:63910830	14:63500000	lower_recurrence_exact	moderate_0.2_0.5	neuro_systemic	9	5	0.21307173	True	True	False	1	1	123.0614346	single_gene_QTL_non_eqtl_chromatin_convergence
PTPN2	rs637643	18:12857762	18:12500000	lower_recurrence_exact	moderate_0.2_0.5	systemic_non_neural	9	5	0.21136874	True	True	False	2	1	123.02737479999999	single_gene_QTL_non_eqtl_chromatin_convergence
WDTC1	rs4460661	1:27257502	1:27000000	lower_recurrence_exact	moderate_0.2_0.5	systemic_non_neural	8	5	0.22115828	True	True	False	5	2	123.0231656	single_gene_QTL_non_eqtl_chromatin_convergence
RAI1	rs1883752	17:17791851	17:17500000	core_exact_n10	hidden_lt0.2	systemic_non_neural	11	6	0.14093354	True	True	False	3	5	123.01867080000001	single_gene_QTL_non_eqtl_chromatin_convergence
PRR18	rs7758459	6:166333276	6:166000000	lower_recurrence_exact	moderate_0.2_0.5	systemic_non_neural	9	5	0.21059498	True	True	False	1	3	123.01189959999999	single_gene_QTL_non_eqtl_chromatin_convergence
NAT10	rs17771070	11:34002499	11:34000000	lower_recurrence_exact	moderate_0.2_0.5	systemic_non_neural	7	5	0.23050399	True	True	False	1	1	123.0100798	single_gene_QTL_non_eqtl_chromatin_convergence
CDCA4	rs2582567	14:104993587	14:104500000	lower_recurrence_exact	moderate_0.2_0.5	systemic_non_neural	8	5	0.22035666	True	True	False	8	1	123.0071332	single_gene_QTL_non_eqtl_chromatin_convergence
PTGES3L	rs4793187	17:42969246	17:42500000	lower_recurrence_exact	moderate_0.2_0.5	systemic_non_neural	8	5	0.2199549	True	True	False	23	4	122.99909799999999	single_gene_QTL_non_eqtl_chromatin_convergence
MTG2	rs4925363	20:62260593	20:62000000	lower_recurrence_exact	moderate_0.2_0.5	systemic_non_neural	8	5	0.21935548	True	True	False	3	1	122.9871096	single_gene_QTL_non_eqtl_chromatin_convergence
SUCLG1	rs4832084	2:84490191	2:84000000	lower_recurrence_exact	moderate_0.2_0.5	systemic_non_neural	9	5	0.2091797	True	True	False	2	2	122.983594	single_gene_QTL_non_eqtl_chromatin_convergence
LPAR1	rs10739312	9:111013503	9:111000000	core_exact_n10	hidden_lt0.2	neural_enriched	10	6	0.14814708	True	True	False	1	1	122.9629416	single_gene_QTL_non_eqtl_chromatin_convergence
BMP1	rs4872427	8:22228651	8:22000000	core_exact_n10	hidden_lt0.2	systemic_non_neural	10	5	0.19801445	True	True	False	2	5	122.960289	single_gene_QTL_non_eqtl_chromatin_convergence
SH3BP1	rs8140958	22:37734465	22:37500000	lower_recurrence_exact	moderate_0.2_0.5	systemic_non_neural	9	5	0.20683362	True	True	False	3	5	122.93667239999999	single_gene_QTL_non_eqtl_chromatin_convergence
TMEM221	rs12984915	19:17460329	19:17000000	lower_recurrence_exact	moderate_0.2_0.5	systemic_non_neural	9	5	0.20648578	True	True	False	3	9	122.9297156	single_gene_QTL_non_eqtl_chromatin_convergence
COLQ	rs4685251	3:15520739	3:15500000	core_exact_n10	hidden_lt0.2	neural_enriched	14	5	0.15631208	True	True	False	3	1	122.9262416	single_gene_QTL_non_eqtl_chromatin_convergence
ME2	rs686709	18:50891600	18:50500000	core_exact_n10	hidden_lt0.2	systemic_non_neural	10	5	0.19610316	True	True	False	1	2	122.9220632	single_gene_QTL_non_eqtl_chromatin_convergence
TUBB2A	rs9501935	6:3174713	6:3000000	lower_recurrence_exact	moderate_0.2_0.5	systemic_non_neural	6	5	0.23583893	True	True	False	2	1	122.9167786	single_gene_QTL_non_eqtl_chromatin_convergence
CSNK1A1	rs7712431	5:149513538	5:149500000	lower_recurrence_exact	moderate_0.2_0.5	neuro_systemic	8	5	0.21553583	True	True	False	2	1	122.9107166	single_gene_QTL_non_eqtl_chromatin_convergence
CNTFR	rs7044318	9:34555001	9:34500000	lower_recurrence_exact	moderate_0.2_0.5	neuro_systemic	9	5	0.20536134	True	True	False	6	3	122.9072268	single_gene_QTL_non_eqtl_chromatin_convergence
ABLIM1	rs2497701	10:114499620	10:114000000	core_exact_n10	hidden_lt0.2	systemic_other	10	5	0.1946367	True	True	False	1	8	122.892734	single_gene_QTL_non_eqtl_chromatin_convergence
DR1	rs2433279	1:93442352	1:93000000	lower_recurrence_exact	moderate_0.2_0.5	systemic_non_neural	7	5	0.22325808	True	True	False	3	5	122.86516160000001	single_gene_QTL_non_eqtl_chromatin_convergence
ADAMTS3	rs1085952	4:72505983	4:72500000	core_exact_n10	hidden_lt0.2	neuro_systemic	10	6	0.14322874	True	True	False	1	1	122.8645748	single_gene_QTL_non_eqtl_chromatin_convergence
TERF2	rs11640113	16:69162922	16:69000000	lower_recurrence_exact	moderate_0.2_0.5	systemic_non_neural	8	5	0.21248877	True	True	False	10	1	122.8497754	single_gene_QTL_non_eqtl_chromatin_convergence
TMEM163	rs7560738	2:134661593	2:134500000	core_exact_n10	hidden_lt0.2	neural_enriched	10	5	0.19175155	True	True	False	1	2	122.835031	single_gene_QTL_non_eqtl_chromatin_convergence
NSUN4	rs9793263	1:46256717	1:46000000	lower_recurrence_exact	moderate_0.2_0.5	systemic_non_neural	8	5	0.2117487	True	True	False	9	1	122.83497399999999	single_gene_QTL_non_eqtl_chromatin_convergence
FYTTD1	rs7616886	3:197802712	3:197500000	lower_recurrence_exact	moderate_0.2_0.5	systemic_non_neural	6	5	0.23129192	True	True	False	1	3	122.82583840000001	single_gene_QTL_non_eqtl_chromatin_convergence
EPB41L5	rs7578989	2:119994766	2:119500000	core_exact_n10	hidden_lt0.2	systemic_other	11	5	0.1808661	True	True	False	5	1	122.817322	single_gene_QTL_non_eqtl_chromatin_convergence
ZFAND3	rs2180514	6:37868275	6:37500000	core_exact_n10	hidden_lt0.2	systemic_non_neural	11	5	0.18028206	True	True	False	2	2	122.8056412	single_gene_QTL_non_eqtl_chromatin_convergence
IL34	rs11641683	16:70496644	16:70000000	lower_recurrence_exact	moderate_0.2_0.5	systemic_non_neural	6	5	0.22984205	True	True	False	15	1	122.796841	single_gene_QTL_non_eqtl_chromatin_convergence
GCAT	rs1010287	22:37752261	22:37500000	lower_recurrence_exact	moderate_0.2_0.5	systemic_non_neural	7	5	0.21936181	True	True	False	3	10	122.78723620000001	single_gene_QTL_non_eqtl_chromatin_convergence
GUCY1A2	rs591957	11:106306841	11:106000000	core_exact_n10	hidden_lt0.2	systemic_non_neural	11	5	0.17825884	True	True	False	4	1	122.7651768	single_gene_QTL_non_eqtl_chromatin_convergence
HGSNAT	rs2020394	8:43379051	8:43000000	lower_recurrence_exact	moderate_0.2_0.5	systemic_non_neural	5	5	0.236963	True	True	False	2	4	122.73926	single_gene_QTL_non_eqtl_chromatin_convergence
MMP17	rs11246801	12:131767238	12:131500000	lower_recurrence_exact	moderate_0.2_0.5	systemic_non_neural	7	5	0.21685387	True	True	False	3	2	122.7370774	single_gene_QTL_non_eqtl_chromatin_convergence
ZFHX3	rs6499604	16:72998566	16:72500000	lower_recurrence_exact	moderate_0.2_0.5	systemic_non_neural	8	5	0.20670912	True	True	False	1	1	122.7341824	single_gene_QTL_non_eqtl_chromatin_convergence
DEPTOR	rs1356747	8:119998617	8:119500000	core_exact_n10	hidden_lt0.2	systemic_non_neural	10	5	0.18512651	True	True	False	5	1	122.7025302	single_gene_QTL_non_eqtl_chromatin_convergence
ATXN7L2	rs650985	1:109658958	1:109500000	lower_recurrence_exact	moderate_0.2_0.5	systemic_non_neural	7	5	0.21323052	True	True	False	6	4	122.6646104	single_gene_QTL_non_eqtl_chromatin_convergence
SGPP2	rs13426706	2:222570049	2:222500000	lower_recurrence_exact	moderate_0.2_0.5	neuro_systemic	8	5	0.20278499	True	True	False	2	1	122.6556998	single_gene_QTL_non_eqtl_chromatin_convergence
MAPKAPK3	rs35694819	3:50515725	3:50500000	core_exact_n10	hidden_lt0.2	neuro_systemic	10	6	0.13267395	True	True	False	5	5	122.653479	single_gene_QTL_non_eqtl_chromatin_convergence
FAM83F	rs3021274	22:39999080	22:39500000	lower_recurrence_exact	moderate_0.2_0.5	neuro_systemic	8	5	0.2024594	True	True	False	2	3	122.649188	single_gene_QTL_non_eqtl_chromatin_convergence
TANK	rs10164593	2:161125461	2:161000000	core_exact_n10	hidden_lt0.2	neural_enriched	11	5	0.1716581	True	True	False	2	2	122.633162	single_gene_QTL_non_eqtl_chromatin_convergence
HIF1A	rs2252357	14:61662316	14:61500000	core_exact_n10	hidden_lt0.2	neuro_systemic	11	5	0.17164983	True	True	False	2	2	122.6329966	single_gene_QTL_non_eqtl_chromatin_convergence
BFSP1	rs4052812	20:17505647	20:17500000	core_exact_n10	hidden_lt0.2	systemic_non_neural	10	6	0.13141513	True	True	False	2	11	122.6283026	single_gene_QTL_non_eqtl_chromatin_convergence
ARHGEF26	rs357496	3:154223594	3:154000000	lower_recurrence_exact	moderate_0.2_0.5	neuro_systemic	7	5	0.21106926	True	True	False	3	2	122.6213852	single_gene_QTL_non_eqtl_chromatin_convergence
DIRAS3	rs978313	1:68010791	1:68000000	lower_recurrence_exact	moderate_0.2_0.5	neuro_systemic	6	5	0.22089289	True	True	False	1	1	122.6178578	single_gene_QTL_non_eqtl_chromatin_convergence
KLF5	rs1029092	13:73000276	13:73000000	core_exact_n10	hidden_lt0.2	systemic_non_neural	12	5	0.16041136	True	True	False	3	2	122.6082272	single_gene_QTL_non_eqtl_chromatin_convergence
NDUFB5	rs4147788	3:179613390	3:179500000	core_exact_n10	hidden_lt0.2	neuro_systemic	10	5	0.18029892	True	True	False	2	3	122.6059784	single_gene_QTL_non_eqtl_chromatin_convergence
WDR25	rs1203548	14:100447329	14:100000000	lower_recurrence_exact	moderate_0.2_0.5	systemic_non_neural	6	5	0.22022884	True	True	False	6	1	122.6045768	single_gene_QTL_non_eqtl_chromatin_convergence
DPM2	rs7026115	9:127974598	9:127500000	lower_recurrence_exact	moderate_0.2_0.5	systemic_non_neural	6	5	0.21895294	True	True	False	2	4	122.5790588	single_gene_QTL_non_eqtl_chromatin_convergence
CA2	rs72682991	8:85556125	8:85500000	lower_recurrence_exact	moderate_0.2_0.5	neuro_systemic	6	5	0.21850413	True	True	False	8	1	122.5700826	single_gene_QTL_non_eqtl_chromatin_convergence
LARP1	rs4117784	5:154722315	5:154500000	lower_recurrence_exact	moderate_0.2_0.5	systemic_non_neural	7	5	0.20782684	True	True	False	1	1	122.5565368	single_gene_QTL_non_eqtl_chromatin_convergence
LFNG	rs2906155	7:2481456	7:2000000	lower_recurrence_exact	moderate_0.2_0.5	systemic_non_neural	6	5	0.21721323	True	True	False	2	5	122.5442646	single_gene_QTL_non_eqtl_chromatin_convergence
MALL	rs737182	2:110105777	2:110000000	core_exact_n10	hidden_lt0.2	neural_enriched	11	5	0.16705908	True	True	False	6	1	122.5411816	single_gene_QTL_non_eqtl_chromatin_convergence
ZRANB3	rs2117511	2:135705091	2:135500000	lower_recurrence_exact	moderate_0.2_0.5	systemic_non_neural	6	5	0.2136351	True	True	False	6	2	122.472702	single_gene_QTL_non_eqtl_chromatin_convergence
FLVCR2	rs2268626	14:75978424	14:75500000	core_exact_n10	hidden_lt0.2	systemic_non_neural	10	5	0.17348473	True	True	False	3	2	122.4696946	single_gene_QTL_non_eqtl_chromatin_convergence
RGS9	rs62065481	17:65008273	17:65000000	core_exact_n10	hidden_lt0.2	neuro_systemic	11	5	0.16344683	True	True	False	4	1	122.4689366	single_gene_QTL_non_eqtl_chromatin_convergence
NF1	rs2905808	17:31166975	17:31000000	core_exact_n10	hidden_lt0.2	neural_enriched	10	5	0.17274138	True	True	False	5	1	122.4548276	single_gene_QTL_non_eqtl_chromatin_convergence
RNF24	rs2300217	20:3957928	20:3500000	lower_recurrence_exact	moderate_0.2_0.5	neuro_systemic	6	5	0.21269101	True	True	False	4	1	122.4538202	single_gene_QTL_non_eqtl_chromatin_convergence
HUNK	rs2070372	21:31999227	21:31500000	core_exact_n10	hidden_lt0.2	neural_enriched	10	6	0.122277856	True	True	False	1	1	122.44555712	single_gene_QTL_non_eqtl_chromatin_convergence
CHD2	rs1545189	15:93017101	15:93000000	lower_recurrence_exact	moderate_0.2_0.5	systemic_non_neural	5	5	0.22207905	True	True	False	1	1	122.441581	single_gene_QTL_non_eqtl_chromatin_convergence
FAM102B	rs10776714	1:108627577	1:108500000	lower_recurrence_exact	moderate_0.2_0.5	neuro_systemic	7	5	0.20173472	True	True	False	3	1	122.43469440000001	single_gene_QTL_non_eqtl_chromatin_convergence
LGR4	rs4617543	11:27460805	11:27000000	lower_recurrence_exact	moderate_0.2_0.5	systemic_non_neural	7	5	0.20149396	True	True	False	4	1	122.4298792	single_gene_QTL_non_eqtl_chromatin_convergence
TTC31	rs363618	2:74691987	2:74500000	lower_recurrence_exact	moderate_0.2_0.5	neuro_systemic	6	5	0.21108922	True	True	False	11	3	122.4217844	single_gene_QTL_non_eqtl_chromatin_convergence
MYO10	rs7734046	5:16994695	5:16500000	lower_recurrence_exact	moderate_0.2_0.5	neuro_systemic	6	5	0.21031111	True	True	False	1	1	122.4062222	single_gene_QTL_non_eqtl_chromatin_convergence
RABL6	rs2784092	9:136819575	9:136500000	core_exact_n10	hidden_lt0.2	systemic_non_neural	10	5	0.17018777	True	True	False	10	2	122.4037554	single_gene_QTL_non_eqtl_chromatin_convergence
MICU2	rs1744907	13:21475186	13:21000000	core_exact_n10	hidden_lt0.2	systemic_other	10	5	0.16769068	True	True	False	1	9	122.3538136	single_gene_QTL_non_eqtl_chromatin_convergence
NUDT8	rs4646823	11:67666945	11:67500000	lower_recurrence_exact	moderate_0.2_0.5	systemic_non_neural	6	5	0.20559178	True	True	False	3	2	122.31183560000001	single_gene_QTL_non_eqtl_chromatin_convergence
COPG2	rs765205	7:130500925	7:130500000	core_exact_n10	hidden_lt0.2	neuro_systemic	12	5	0.14271972	True	True	False	5	1	122.25439440000001	single_gene_QTL_non_eqtl_chromatin_convergence
ATE1	rs2420979	10:121998861	10:121500000	core_exact_n10	hidden_lt0.2	neural_enriched	10	5	0.16260575	True	True	False	5	3	122.252115	single_gene_QTL_non_eqtl_chromatin_convergence
COPG2	rs2302826	7:130507466	7:130500000	core_exact_n10	hidden_lt0.2	neuro_systemic	12	5	0.13804962	True	True	False	5	1	122.16099240000001	single_gene_QTL_non_eqtl_chromatin_convergence
RANBP9	rs4715451	6:13638752	6:13500000	lower_recurrence_exact	moderate_0.2_0.5	neuro_systemic	5	5	0.20722133	True	True	False	2	2	122.1444266	single_gene_QTL_non_eqtl_chromatin_convergence
EXTL3	rs352428	8:28621375	8:28500000	core_exact_n10	hidden_lt0.2	neural_enriched	10	5	0.15660706	True	True	False	2	27	122.1321412	single_gene_QTL_non_eqtl_chromatin_convergence
DCTN6	rs6558118	8:29499043	8:29000000	lower_recurrence_exact	moderate_0.2_0.5	systemic_other	5	5	0.20372267	True	True	False	1	6	122.0744534	single_gene_QTL_non_eqtl_chromatin_convergence
CPED1	rs41703	7:121003876	7:121000000	core_exact_n10	hidden_lt0.2	neuro_systemic	10	5	0.14599815	True	True	False	3	2	121.919963	single_gene_QTL_non_eqtl_chromatin_convergence
KIF5C	rs6721330	2:149002392	2:149000000	core_exact_n10	hidden_lt0.2	neural_enriched	10	5	0.13847694	True	True	False	3	2	121.7695388	single_gene_QTL_non_eqtl_chromatin_convergence
