locus_500kb	variants	genes	gene_count	single_gene_variant_count	multi_gene_variant_count	three_dimensional_link_count	crispr_link_count	catalog_distinct_exact_rsid_count	max_n_traits	max_n_families	median_max_score	primary_axes	score_bands	source_sets	clean_single_gene_locus
1:35000000	1	ZMYM1	1	1	0	1	0	1	23	12	0.46175954	systemic_non_neural	moderate_0.2_0.5	core_exact_n10	True
5:134500000	2	SAR1B	1	2	0	2	0	2	23	11	0.34450866999999996	mixed_trait_axis;systemic_non_neural	moderate_0.2_0.5	core_exact_n10;lower_recurrence_exact	True
10:124000000	1	CHST15	1	1	0	1	0	1	19	11	0.26054198	mixed_trait_axis	moderate_0.2_0.5	core_exact_n10	True
14:34000000	3	SPTSSA	1	3	0	3	0	3	24	10	0.21243767	systemic_non_neural;systemic_other	moderate_0.2_0.5	core_exact_n10;lower_recurrence_exact	True
16:15000000	3	RRN3	1	3	0	3	0	3	19	10	0.3799939	neuro_systemic;systemic_non_neural	hidden_lt0.2;moderate_0.2_0.5	core_exact_n10	True
11:8000000	2	EIF3F	1	2	0	2	0	2	18	10	0.22280816	neuro_systemic	hidden_lt0.2;moderate_0.2_0.5	core_exact_n10	True
13:37000000	1	SUPT20H	1	1	0	1	0	1	22	10	0.23050864	neuro_systemic	moderate_0.2_0.5	core_exact_n10	True
3:9000000	1	SETD5	1	1	0	1	0	1	16	10	0.28435963	mixed_trait_axis	moderate_0.2_0.5	core_exact_n10	True
4:173000000	1	HAND2	1	1	0	1	0	1	21	10	0.2239998	systemic_non_neural	moderate_0.2_0.5	core_exact_n10	True
18:62500000	2	PHLPP1	1	2	0	2	0	2	22	9	0.282249875	mixed_trait_axis;neural_enriched	moderate_0.2_0.5	core_exact_n10;lower_recurrence_exact	True
7:130000000	2	COPG2	1	2	0	2	0	2	21	9	0.25238719	mixed_trait_axis	moderate_0.2_0.5	core_exact_n10	True
14:71500000	1	SIPA1L1	1	1	0	1	0	1	15	9	0.2764333	mixed_trait_axis	moderate_0.2_0.5	core_exact_n10	True
3:123000000	1	MYLK	1	1	0	1	0	1	29	9	0.31995428	mixed_trait_axis	moderate_0.2_0.5	core_exact_n10	True
11:36500000	3	PRR5L	1	3	0	3	0	3	13	8	0.2703038	neural_enriched;neuro_systemic	moderate_0.2_0.5	core_exact_n10	True
13:27000000	3	USP12	1	3	0	3	0	3	10	8	0.17107771	systemic_non_neural;systemic_other	hidden_lt0.2;moderate_0.2_0.5	core_exact_n10	True
13:44000000	3	TSC22D1	1	3	0	3	0	3	14	8	0.2440332	neuro_systemic;systemic_non_neural	moderate_0.2_0.5	core_exact_n10;lower_recurrence_exact	True
1:207500000	2	CD55	1	2	0	2	0	2	17	8	0.16755725999999999	neural_enriched;neuro_systemic	hidden_lt0.2	core_exact_n10	True
11:6000000	1	TIMM10B	1	1	0	1	0	1	12	8	0.19951889	systemic_non_neural	hidden_lt0.2	core_exact_n10	True
13:25000000	1	MTMR6	1	1	0	1	0	1	10	8	0.18242027	mixed_trait_axis	hidden_lt0.2	core_exact_n10	True
14:103500000	1	ZFYVE21	1	1	0	1	0	1	13	8	0.24813111	mixed_trait_axis	moderate_0.2_0.5	core_exact_n10	True
14:96500000	1	ATG2B	1	1	0	1	0	1	29	8	0.30477127	mixed_trait_axis	moderate_0.2_0.5	core_exact_n10	True
15:44000000	1	TRIM69	1	1	0	1	0	1	10	8	0.12427373	neuro_systemic	hidden_lt0.2	core_exact_n10	True
16:18500000	1	COQ7	1	1	0	1	0	1	14	8	0.26177144	mixed_trait_axis	moderate_0.2_0.5	core_exact_n10	True
17:56500000	1	SCPEP1	1	1	0	1	0	1	14	8	0.29950815	systemic_non_neural	moderate_0.2_0.5	core_exact_n10	True
19:13000000	1	DAND5	1	1	0	1	0	1	10	8	0.2683672	neuro_systemic	moderate_0.2_0.5	core_exact_n10	True
1:155000000	1	ASH1L	1	1	0	1	0	1	17	8	0.35158294	systemic_non_neural	moderate_0.2_0.5	core_exact_n10	True
20:4500000	1	SLC23A2	1	1	0	1	0	1	14	8	0.23698272	systemic_non_neural	moderate_0.2_0.5	core_exact_n10	True
3:170000000	1	PRKCI	1	1	0	1	0	1	10	8	0.18568529	systemic_non_neural	hidden_lt0.2	core_exact_n10	True
4:118500000	1	PRSS12	1	1	0	1	0	1	19	8	0.40410706	mixed_trait_axis	moderate_0.2_0.5	core_exact_n10	True
5:1000000	1	LPCAT1	1	1	0	1	0	1	17	8	0.25108108	systemic_non_neural	moderate_0.2_0.5	core_exact_n10	True
5:131000000	1	HINT1	1	1	0	1	0	1	24	8	0.45805997	neuro_systemic	moderate_0.2_0.5	core_exact_n10	True
5:88500000	1	MEF2C	1	1	0	1	0	1	14	8	0.24009176	mixed_trait_axis	moderate_0.2_0.5	core_exact_n10	True
7:155000000	1	HTR5A	1	1	0	1	0	1	11	8	0.15042229	neuro_systemic	hidden_lt0.2	core_exact_n10	True
8:140000000	3	CHRAC1	1	3	0	3	0	3	13	7	0.30589476	neural_enriched;systemic_non_neural	moderate_0.2_0.5	core_exact_n10;lower_recurrence_exact	True
8:37500000	3	RAB11FIP1	1	3	0	3	0	3	11	7	0.20403448	mixed_trait_axis;neural_enriched;systemic_non_neural	hidden_lt0.2;moderate_0.2_0.5	core_exact_n10	True
10:5500000	2	NET1	1	2	0	2	0	2	12	7	0.22091621	neural_enriched;systemic_non_neural	hidden_lt0.2;moderate_0.2_0.5	core_exact_n10	True
14:60500000	2	SIX1	1	2	0	2	0	2	8	7	0.358904495	neuro_systemic;systemic_non_neural	moderate_0.2_0.5	lower_recurrence_exact	True
2:88500000	2	EIF2AK3	1	2	0	2	0	2	16	7	0.234277175	neuro_systemic;systemic_non_neural	hidden_lt0.2;moderate_0.2_0.5	core_exact_n10;lower_recurrence_exact	True
9:113500000	2	RGS3	1	2	0	2	0	2	7	7	0.23983978	neuro_systemic	moderate_0.2_0.5	lower_recurrence_exact	True
10:131500000	1	PPP2R2D	1	1	0	1	0	1	21	7	0.34593493	neuro_systemic	moderate_0.2_0.5	core_exact_n10	True
12:5000000	1	NTF3	1	1	0	1	0	1	15	7	0.24790183	mixed_trait_axis	moderate_0.2_0.5	core_exact_n10	True
12:64000000	1	XPOT	1	1	0	1	0	1	15	7	0.31441027	mixed_trait_axis	moderate_0.2_0.5	core_exact_n10	True
13:110000000	1	IRS2	1	1	0	1	0	1	10	7	0.20564176	systemic_non_neural	moderate_0.2_0.5	core_exact_n10	True
13:66500000	1	PCDH9	1	1	0	1	0	1	17	7	0.19396389	systemic_non_neural	hidden_lt0.2	core_exact_n10	True
14:105000000	1	TEX22	1	1	0	1	0	1	15	7	0.45560998	systemic_non_neural	moderate_0.2_0.5	core_exact_n10	True
16:20500000	1	ERI2	1	1	0	1	0	1	10	7	0.19304791	systemic_non_neural	hidden_lt0.2	core_exact_n10	True
17:44000000	1	TMUB2	1	1	0	1	0	1	16	7	0.28500232	systemic_non_neural	moderate_0.2_0.5	core_exact_n10	True
18:13500000	1	FAM210A	1	1	0	1	0	1	11	7	0.1688971	mixed_trait_axis	hidden_lt0.2	core_exact_n10	True
18:46000000	1	C18ORF25	1	1	0	1	0	1	10	7	0.1893956	mixed_trait_axis	hidden_lt0.2	core_exact_n10	True
18:49000000	1	DYM	1	1	0	1	0	1	12	7	0.29294616	systemic_non_neural	moderate_0.2_0.5	core_exact_n10	True
1:213000000	1	ANGEL2	1	1	0	1	0	1	12	7	0.34939244	mixed_trait_axis	moderate_0.2_0.5	core_exact_n10	True
1:28500000	1	PHACTR4	1	1	0	1	0	1	11	7	0.2728703	systemic_non_neural	moderate_0.2_0.5	core_exact_n10	True
1:78000000	1	PTGFR	1	1	0	1	0	1	14	7	0.26907963	neuro_systemic	moderate_0.2_0.5	core_exact_n10	True
1:84500000	1	SSX2IP	1	1	0	1	0	1	12	7	0.14137763	neuro_systemic	hidden_lt0.2	core_exact_n10	True
20:500000	1	CSNK2A1	1	1	0	1	0	1	12	7	0.2439202	neuro_systemic	moderate_0.2_0.5	core_exact_n10	True
22:20000000	1	DGCR6L	1	1	0	1	0	1	9	7	0.24974678	systemic_non_neural	moderate_0.2_0.5	lower_recurrence_exact	True
2:174500000	1	CHN1	1	1	0	1	0	1	12	7	0.2458652	systemic_non_neural	moderate_0.2_0.5	core_exact_n10	True
3:23500000	1	NKIRAS1	1	1	0	1	0	1	12	7	0.3054224	systemic_non_neural	moderate_0.2_0.5	core_exact_n10	True
3:72500000	1	SHQ1	1	1	0	1	0	1	11	7	0.17597632	systemic_non_neural	hidden_lt0.2	core_exact_n10	True
4:158000000	1	RXFP1	1	1	0	1	0	1	13	7	0.2154307	systemic_non_neural	moderate_0.2_0.5	core_exact_n10	True
4:99500000	1	DNAJB14	1	1	0	1	0	1	14	7	0.18480353	mixed_trait_axis	hidden_lt0.2	core_exact_n10	True
5:180500000	1	MGAT1	1	1	0	1	0	1	15	7	0.34369087	systemic_non_neural	moderate_0.2_0.5	core_exact_n10	True
8:33000000	1	FUT10	1	1	0	1	0	1	10	7	0.20569615	neuro_systemic	moderate_0.2_0.5	core_exact_n10	True
8:42500000	1	FNTA	1	1	0	1	0	1	21	7	0.48303956	systemic_non_neural	moderate_0.2_0.5	core_exact_n10	True
8:48000000	1	MCM4	1	1	0	1	0	1	12	7	0.14979969	neuro_systemic	hidden_lt0.2	core_exact_n10	True
8:53500000	1	ATP6V1H	1	1	0	1	0	1	12	7	0.20595601	mixed_trait_axis	moderate_0.2_0.5	core_exact_n10	True
8:79500000	1	MRPS28	1	1	0	1	0	1	12	7	0.30930957	systemic_non_neural	moderate_0.2_0.5	core_exact_n10	True
9:83000000	1	RASEF	1	1	0	1	0	1	12	7	0.15571268	mixed_trait_axis	hidden_lt0.2	core_exact_n10	True
9:89500000	1	SEMA4D	1	1	0	1	0	1	10	7	0.14201194	mixed_trait_axis	hidden_lt0.2	core_exact_n10	True
15:63500000	4	DAPK2	1	4	0	4	0	4	14	6	0.239634045	neuro_systemic;systemic_non_neural	moderate_0.2_0.5	core_exact_n10;lower_recurrence_exact	True
10:500000	3	DIP2C	1	3	0	3	0	3	21	6	0.25217935	systemic_non_neural;systemic_other	moderate_0.2_0.5	core_exact_n10;lower_recurrence_exact	True
1:89500000	3	LRRC8D	1	3	0	3	0	3	12	6	0.23770119	systemic_non_neural	moderate_0.2_0.5	core_exact_n10;lower_recurrence_exact	True
3:50500000	3	MAPKAPK3	1	3	0	3	0	3	10	6	0.21855298	neural_enriched;neuro_systemic	hidden_lt0.2;moderate_0.2_0.5	core_exact_n10;lower_recurrence_exact	True
11:34000000	2	NAT10	1	2	0	2	0	2	12	6	0.188757245	neuro_systemic;systemic_non_neural	hidden_lt0.2;moderate_0.2_0.5	core_exact_n10;lower_recurrence_exact	True
11:70000000	2	PPFIA1	1	2	0	2	0	2	9	6	0.26056325	neuro_systemic	moderate_0.2_0.5	lower_recurrence_exact	True
12:12000000	2	LRP6	1	2	0	2	0	2	11	6	0.271003275	neuro_systemic;systemic_non_neural	moderate_0.2_0.5	core_exact_n10	True
12:45000000	2	ANO6	1	2	0	2	0	2	10	6	0.19359044	systemic_non_neural;systemic_other	hidden_lt0.2;moderate_0.2_0.5	core_exact_n10;lower_recurrence_exact	True
12:51000000	2	SLC4A8	1	2	0	2	0	2	9	6	0.34702265	neuro_systemic;systemic_non_neural	moderate_0.2_0.5	lower_recurrence_exact	True
15:65500000	2	DENND4A	1	2	0	2	0	2	7	6	0.25950151	systemic_non_neural	moderate_0.2_0.5	lower_recurrence_exact	True
16:70000000	2	IL34	1	2	0	2	0	2	13	6	0.26350540499999997	neural_enriched;systemic_non_neural	moderate_0.2_0.5	core_exact_n10;lower_recurrence_exact	True
1:94000000	2	ABCD3	1	2	0	2	0	2	11	6	0.340776965	systemic_non_neural	moderate_0.2_0.5	core_exact_n10;lower_recurrence_exact	True
21:46500000	2	PRMT2	1	2	0	2	0	2	18	6	0.28029995	systemic_non_neural	moderate_0.2_0.5	core_exact_n10;lower_recurrence_exact	True
2:178000000	2	PRKRA	1	2	0	2	0	2	14	6	0.26225208	systemic_non_neural;systemic_other	moderate_0.2_0.5	core_exact_n10	True
2:188000000	2	GULP1	1	2	0	2	0	2	10	6	0.276643325	systemic_non_neural	moderate_0.2_0.5	core_exact_n10;lower_recurrence_exact	True
8:119500000	2	DEPTOR	1	2	0	2	0	2	10	6	0.18780785	systemic_non_neural	hidden_lt0.2	core_exact_n10	True
9:96500000	2	HABP4	1	2	0	2	0	2	11	6	0.258428435	neural_enriched;neuro_systemic	moderate_0.2_0.5	core_exact_n10;lower_recurrence_exact	True
10:129500000	1	EBF3	1	1	0	1	0	1	9	6	0.24678005	systemic_non_neural	moderate_0.2_0.5	lower_recurrence_exact	True
10:96500000	1	TLL2	1	1	0	1	0	1	8	6	0.2197214	neuro_systemic	moderate_0.2_0.5	lower_recurrence_exact	True
11:109500000	1	ZC3H12C	1	1	0	1	0	1	11	6	0.16593246	neural_enriched	hidden_lt0.2	core_exact_n10	True
11:63500000	1	RTN3	1	1	0	1	0	1	9	6	0.25868052	systemic_non_neural	moderate_0.2_0.5	lower_recurrence_exact	True
11:9500000	1	SWAP70	1	1	0	1	0	1	12	6	0.21773435	systemic_non_neural	moderate_0.2_0.5	core_exact_n10	True
12:133000000	1	ZNF26	1	1	0	1	0	1	12	6	0.3370792	neuro_systemic	moderate_0.2_0.5	core_exact_n10	True
12:45500000	1	SCAF11	1	1	0	1	0	1	13	6	0.17721967	systemic_non_neural	hidden_lt0.2	core_exact_n10	True
12:500000	1	RAD52	1	1	0	1	0	1	9	6	0.2186527	neuro_systemic	moderate_0.2_0.5	lower_recurrence_exact	True
12:76500000	1	CSRP2	1	1	0	1	0	1	7	6	0.2285663	systemic_non_neural	moderate_0.2_0.5	lower_recurrence_exact	True
13:98500000	1	STK24	1	1	0	1	0	1	9	6	0.23688363	systemic_non_neural	moderate_0.2_0.5	lower_recurrence_exact	True
14:50000000	1	MAP4K5	1	1	0	1	0	1	11	6	0.22516881	systemic_non_neural	moderate_0.2_0.5	core_exact_n10	True
15:55500000	1	NEDD4	1	1	0	1	0	1	10	6	0.22452748	systemic_non_neural	moderate_0.2_0.5	core_exact_n10	True
16:21500000	1	OTOA	1	1	0	1	0	1	14	6	0.18687293	systemic_non_neural	hidden_lt0.2	core_exact_n10	True
16:54500000	1	IRX5	1	1	0	1	0	1	10	6	0.17198023	systemic_non_neural	hidden_lt0.2	core_exact_n10	True
18:35000000	1	ZNF397	1	1	0	1	0	1	11	6	0.18903604	systemic_non_neural	hidden_lt0.2	core_exact_n10	True
18:51000000	1	SMAD4	1	1	0	1	0	1	11	6	0.1484959	neural_enriched	hidden_lt0.2	core_exact_n10	True
18:55000000	1	CCDC68	1	1	0	1	0	1	10	6	0.18109782	neuro_systemic	hidden_lt0.2	core_exact_n10	True
19:45500000	1	NOVA2	1	1	0	1	0	1	14	6	0.37322596	systemic_non_neural	moderate_0.2_0.5	core_exact_n10	True
19:46000000	1	PPP5C	1	1	0	1	0	1	9	6	0.20584333	systemic_non_neural	moderate_0.2_0.5	lower_recurrence_exact	True
1:160000000	1	NCSTN	1	1	0	1	0	1	13	6	0.25264356	systemic_non_neural	moderate_0.2_0.5	core_exact_n10	True
1:235500000	1	LYST	1	1	0	1	0	1	11	6	0.34933478	neural_enriched	moderate_0.2_0.5	core_exact_n10	True
20:17500000	1	BFSP1	1	1	0	1	0	1	10	6	0.13141513	systemic_non_neural	hidden_lt0.2	core_exact_n10	True
20:53500000	1	ZNF217	1	1	0	1	0	1	6	6	0.22958575	systemic_non_neural	moderate_0.2_0.5	lower_recurrence_exact	True
21:31500000	1	HUNK	1	1	0	1	0	1	10	6	0.122277856	neural_enriched	hidden_lt0.2	core_exact_n10	True
22:20500000	1	LZTR1	1	1	0	1	0	1	10	6	0.20346299	neural_enriched	moderate_0.2_0.5	core_exact_n10	True
2:101000000	1	CNOT11	1	1	0	1	0	1	10	6	0.24018703	systemic_non_neural	moderate_0.2_0.5	core_exact_n10	True
2:148500000	1	KIF5C	1	1	0	1	0	1	22	6	0.25860217	systemic_non_neural	moderate_0.2_0.5	core_exact_n10	True
2:158500000	1	TANC1	1	1	0	1	0	1	14	6	0.2542335	systemic_non_neural	moderate_0.2_0.5	core_exact_n10	True
2:20000000	1	WDR35	1	1	0	1	0	1	11	6	0.2131798	neural_enriched	moderate_0.2_0.5	core_exact_n10	True
2:208000000	1	IDH1	1	1	0	1	0	1	8	6	0.20511453	neuro_systemic	moderate_0.2_0.5	lower_recurrence_exact	True
2:229500000	1	TRIP12	1	1	0	1	0	1	11	6	0.22059461	systemic_non_neural	moderate_0.2_0.5	core_exact_n10	True
2:86500000	1	CD8A	1	1	0	1	0	1	10	6	0.17630027	neuro_systemic	hidden_lt0.2	core_exact_n10	True
3:48000000	1	MAP4	1	1	0	1	0	1	10	6	0.21527304	neural_enriched	moderate_0.2_0.5	core_exact_n10	True
3:48500000	1	PRKAR2A	1	1	0	1	0	1	11	6	0.2423783	systemic_non_neural	moderate_0.2_0.5	core_exact_n10	True
4:72500000	1	ADAMTS3	1	1	0	1	0	1	10	6	0.14322874	neuro_systemic	hidden_lt0.2	core_exact_n10	True
5:103000000	1	PAM	1	1	0	1	0	1	16	6	0.33150136	neuro_systemic	moderate_0.2_0.5	core_exact_n10	True
5:1500000	1	LPCAT1	1	1	0	1	0	1	10	6	0.19862124	neuro_systemic	hidden_lt0.2	core_exact_n10	True
5:156000000	1	SGCD	1	1	0	1	0	1	8	6	0.30365306	neuro_systemic	moderate_0.2_0.5	lower_recurrence_exact	True
6:73000000	1	MTO1	1	1	0	1	0	1	13	6	0.30149883	neural_enriched	moderate_0.2_0.5	core_exact_n10	True
7:74500000	1	GTF2I	1	1	0	1	0	1	13	6	0.35947543	neuro_systemic	moderate_0.2_0.5	core_exact_n10	True
8:81000000	1	PMP2	1	1	0	1	0	1	10	6	0.39424363	neural_enriched	moderate_0.2_0.5	core_exact_n10	True
8:92500000	1	TRIQK	1	1	0	1	0	1	14	6	0.21759877	neural_enriched	moderate_0.2_0.5	core_exact_n10	True
8:93500000	1	PDP1	1	1	0	1	0	1	12	6	0.33080122	systemic_non_neural	moderate_0.2_0.5	core_exact_n10	True
9:111000000	1	LPAR1	1	1	0	1	0	1	10	6	0.14814708	neural_enriched	hidden_lt0.2	core_exact_n10	True
9:122500000	1	RABGAP1	1	1	0	1	0	1	11	6	0.17332315	systemic_non_neural	hidden_lt0.2	core_exact_n10	True
9:134000000	1	WDR5	1	1	0	1	0	1	7	6	0.27638552	systemic_non_neural	moderate_0.2_0.5	lower_recurrence_exact	True
9:87500000	1	CDK20	1	1	0	1	0	1	7	6	0.4174169	systemic_non_neural	moderate_0.2_0.5	lower_recurrence_exact	True
17:74000000	3	GPRC5C	1	3	0	3	0	3	12	5	0.23496038	systemic_non_neural	moderate_0.2_0.5	core_exact_n10;lower_recurrence_exact	True
14:23500000	2	NGDN	1	2	0	2	0	2	14	5	0.22420909	neural_enriched;neuro_systemic	moderate_0.2_0.5	core_exact_n10;lower_recurrence_exact	True
15:59000000	2	FAM81A	1	2	0	2	0	2	13	5	0.30733234	systemic_non_neural	moderate_0.2_0.5	core_exact_n10;lower_recurrence_exact	True
16:57500000	2	KIFC3	1	2	0	2	0	2	11	5	0.266734335	systemic_non_neural;systemic_other	moderate_0.2_0.5	core_exact_n10;lower_recurrence_exact	True
18:21500000	2	MIB1	1	2	0	2	0	2	12	5	0.21748592	systemic_non_neural	hidden_lt0.2;moderate_0.2_0.5	core_exact_n10	True
19:7000000	2	ADGRE1	1	2	0	2	0	2	17	5	0.233103785	neural_enriched	hidden_lt0.2;moderate_0.2_0.5	core_exact_n10	True
1:38500000	2	NDUFS5	1	2	0	2	0	2	10	5	0.206578545	systemic_non_neural	moderate_0.2_0.5	core_exact_n10;lower_recurrence_exact	True
2:161000000	2	TANK	1	2	0	2	0	2	11	5	0.196279645	neural_enriched;systemic_non_neural	hidden_lt0.2;moderate_0.2_0.5	core_exact_n10;lower_recurrence_exact	True
2:25500000	2	RAB10	1	2	0	2	0	2	9	5	0.27064465000000004	systemic_non_neural	moderate_0.2_0.5	lower_recurrence_exact	True
3:53000000	2	DCP1A	1	2	0	2	0	2	7	5	0.247341215	systemic_non_neural	moderate_0.2_0.5	lower_recurrence_exact	True
4:147500000	2	TMEM184C	1	2	0	2	0	2	15	5	0.32660523	neural_enriched;systemic_non_neural	moderate_0.2_0.5	core_exact_n10	True
7:130500000	2	COPG2	1	2	0	2	0	2	12	5	0.14038467	neuro_systemic	hidden_lt0.2	core_exact_n10	True
10:114000000	1	ABLIM1	1	1	0	1	0	1	10	5	0.1946367	systemic_other	hidden_lt0.2	core_exact_n10	True
10:132000000	1	INPP5A	1	1	0	1	0	1	12	5	0.22927201	systemic_non_neural	moderate_0.2_0.5	core_exact_n10	True
10:84000000	1	CCSER2	1	1	0	1	0	1	9	5	0.25084415	neuro_systemic	moderate_0.2_0.5	lower_recurrence_exact	True
11:106000000	1	GUCY1A2	1	1	0	1	0	1	11	5	0.17825884	systemic_non_neural	hidden_lt0.2	core_exact_n10	True
11:120500000	1	POU2F3	1	1	0	1	0	1	13	5	0.27600095	systemic_non_neural	moderate_0.2_0.5	core_exact_n10	True
11:17000000	1	NUCB2	1	1	0	1	0	1	10	5	0.39703804	systemic_non_neural	moderate_0.2_0.5	core_exact_n10	True
11:27000000	1	LGR4	1	1	0	1	0	1	7	5	0.20149396	systemic_non_neural	moderate_0.2_0.5	lower_recurrence_exact	True
11:66500000	1	C11ORF80	1	1	0	1	0	1	11	5	0.33698657	systemic_non_neural	moderate_0.2_0.5	core_exact_n10	True
11:67500000	1	NUDT8	1	1	0	1	0	1	6	5	0.20559178	systemic_non_neural	moderate_0.2_0.5	lower_recurrence_exact	True
11:9000000	1	ZNF143	1	1	0	1	0	1	10	5	0.23954	systemic_non_neural	moderate_0.2_0.5	core_exact_n10	True
12:122500000	1	ABCB9	1	1	0	1	0	1	10	5	0.22516997	systemic_non_neural	moderate_0.2_0.5	core_exact_n10	True
12:131500000	1	MMP17	1	1	0	1	0	1	7	5	0.21685387	systemic_non_neural	moderate_0.2_0.5	lower_recurrence_exact	True
12:57000000	1	SHMT2	1	1	0	1	0	1	7	5	0.24440394	systemic_non_neural	moderate_0.2_0.5	lower_recurrence_exact	True
12:64500000	1	TBC1D30	1	1	0	1	0	1	9	5	0.32026148	systemic_non_neural	moderate_0.2_0.5	lower_recurrence_exact	True
12:66000000	1	TMBIM4	1	1	0	1	0	1	9	5	0.22115763	neuro_systemic	moderate_0.2_0.5	lower_recurrence_exact	True
13:21000000	1	MICU2	1	1	0	1	0	1	10	5	0.16769068	systemic_other	hidden_lt0.2	core_exact_n10	True
13:73000000	1	KLF5	1	1	0	1	0	1	12	5	0.16041136	systemic_non_neural	hidden_lt0.2	core_exact_n10	True
14:100000000	1	WDR25	1	1	0	1	0	1	6	5	0.22022884	systemic_non_neural	moderate_0.2_0.5	lower_recurrence_exact	True
14:34500000	1	SNX6	1	1	0	1	0	1	20	5	0.39068308	neural_enriched	moderate_0.2_0.5	core_exact_n10	True
14:63500000	1	SYNE2	1	1	0	1	0	1	9	5	0.21307173	neuro_systemic	moderate_0.2_0.5	lower_recurrence_exact	True
15:71000000	1	LARP6	1	1	0	1	0	1	15	5	0.45313054	systemic_non_neural	moderate_0.2_0.5	core_exact_n10	True
15:72500000	1	NEO1	1	1	0	1	0	1	10	5	0.28714615	systemic_other	moderate_0.2_0.5	core_exact_n10	True
15:82500000	1	C15ORF40	1	1	0	1	0	1	8	5	0.23877503	systemic_non_neural	moderate_0.2_0.5	lower_recurrence_exact	True
15:92500000	1	CHD2	1	1	0	1	0	1	11	5	0.20597163	systemic_non_neural	moderate_0.2_0.5	core_exact_n10	True
15:93000000	1	CHD2	1	1	0	1	0	1	5	5	0.22207905	systemic_non_neural	moderate_0.2_0.5	lower_recurrence_exact	True
16:1500000	1	IFT140	1	1	0	1	0	1	9	5	0.3699632	neuro_systemic	moderate_0.2_0.5	lower_recurrence_exact	True
16:31000000	1	AHSP	1	1	0	1	0	1	7	5	0.2472073	neuro_systemic	moderate_0.2_0.5	lower_recurrence_exact	True
16:72500000	1	ZFHX3	1	1	0	1	0	1	8	5	0.20670912	systemic_non_neural	moderate_0.2_0.5	lower_recurrence_exact	True
17:45000000	1	MAP3K14	1	1	0	1	0	1	9	5	0.21639639	systemic_non_neural	moderate_0.2_0.5	lower_recurrence_exact	True
17:65000000	1	RGS9	1	1	0	1	0	1	11	5	0.16344683	neuro_systemic	hidden_lt0.2	core_exact_n10	True
18:12500000	1	PTPN2	1	1	0	1	0	1	9	5	0.21136874	systemic_non_neural	moderate_0.2_0.5	lower_recurrence_exact	True
18:50500000	1	ME2	1	1	0	1	0	1	10	5	0.19610316	systemic_non_neural	hidden_lt0.2	core_exact_n10	True
19:15000000	1	AKAP8L	1	1	0	1	0	1	10	5	0.27893135	neural_enriched	moderate_0.2_0.5	core_exact_n10	True
19:34000000	1	UBA2	1	1	0	1	0	1	7	5	0.26188147	systemic_non_neural	moderate_0.2_0.5	lower_recurrence_exact	True
19:4500000	1	PLIN3	1	1	0	1	0	1	12	5	0.22425106	systemic_non_neural	moderate_0.2_0.5	core_exact_n10	True
1:108500000	1	FAM102B	1	1	0	1	0	1	7	5	0.20173472	neuro_systemic	moderate_0.2_0.5	lower_recurrence_exact	True
1:46000000	1	NSUN4	1	1	0	1	0	1	8	5	0.2117487	systemic_non_neural	moderate_0.2_0.5	lower_recurrence_exact	True
1:68000000	1	DIRAS3	1	1	0	1	0	1	6	5	0.22089289	neuro_systemic	moderate_0.2_0.5	lower_recurrence_exact	True
1:93000000	1	DR1	1	1	0	1	0	1	7	5	0.22325808	systemic_non_neural	moderate_0.2_0.5	lower_recurrence_exact	True
20:21000000	1	XRN2	1	1	0	1	0	1	7	5	0.26477253	systemic_non_neural	moderate_0.2_0.5	lower_recurrence_exact	True
20:3500000	1	RNF24	1	1	0	1	0	1	6	5	0.21269101	neuro_systemic	moderate_0.2_0.5	lower_recurrence_exact	True
20:35000000	1	GDF5	1	1	0	1	0	1	6	5	0.29076156	systemic_non_neural	moderate_0.2_0.5	lower_recurrence_exact	True
20:62000000	1	MTG2	1	1	0	1	0	1	8	5	0.21935548	systemic_non_neural	moderate_0.2_0.5	lower_recurrence_exact	True
22:39500000	1	FAM83F	1	1	0	1	0	1	8	5	0.2024594	neuro_systemic	moderate_0.2_0.5	lower_recurrence_exact	True
2:101500000	1	MAP4K4	1	1	0	1	0	1	10	5	0.2713216	systemic_non_neural	moderate_0.2_0.5	core_exact_n10	True
2:110000000	1	MALL	1	1	0	1	0	1	11	5	0.16705908	neural_enriched	hidden_lt0.2	core_exact_n10	True
2:119500000	1	EPB41L5	1	1	0	1	0	1	11	5	0.1808661	systemic_other	hidden_lt0.2	core_exact_n10	True
2:135500000	1	ZRANB3	1	1	0	1	0	1	6	5	0.2136351	systemic_non_neural	moderate_0.2_0.5	lower_recurrence_exact	True
2:149000000	1	KIF5C	1	1	0	1	0	1	10	5	0.13847694	neural_enriched	hidden_lt0.2	core_exact_n10	True
2:222500000	1	SGPP2	1	1	0	1	0	1	8	5	0.20278499	neuro_systemic	moderate_0.2_0.5	lower_recurrence_exact	True
2:73500000	1	TPRKB	1	1	0	1	0	1	11	5	0.2973263	neuro_systemic	moderate_0.2_0.5	core_exact_n10	True
3:111000000	1	NECTIN3	1	1	0	1	0	1	8	5	0.26225698	neuro_systemic	moderate_0.2_0.5	lower_recurrence_exact	True
3:154000000	1	ARHGEF26	1	1	0	1	0	1	7	5	0.21106926	neuro_systemic	moderate_0.2_0.5	lower_recurrence_exact	True
3:15500000	1	COLQ	1	1	0	1	0	1	14	5	0.15631208	neural_enriched	hidden_lt0.2	core_exact_n10	True
3:179500000	1	NDUFB5	1	1	0	1	0	1	10	5	0.18029892	neuro_systemic	hidden_lt0.2	core_exact_n10	True
3:193500000	1	MB21D2	1	1	0	1	0	1	11	5	0.2431515	neural_enriched	moderate_0.2_0.5	core_exact_n10	True
3:31500000	1	STT3B	1	1	0	1	0	1	8	5	0.3339761	systemic_non_neural	moderate_0.2_0.5	lower_recurrence_exact	True
3:42500000	1	HIGD1A	1	1	0	1	0	1	8	5	0.23782875	systemic_non_neural	moderate_0.2_0.5	lower_recurrence_exact	True
4:124500000	1	ANKRD50	1	1	0	1	0	1	19	5	0.24692222	neural_enriched	moderate_0.2_0.5	core_exact_n10	True
4:88000000	1	PYURF	1	1	0	1	0	1	11	5	0.2757119	systemic_non_neural	moderate_0.2_0.5	core_exact_n10	True
5:149500000	1	CSNK1A1	1	1	0	1	0	1	8	5	0.21553583	neuro_systemic	moderate_0.2_0.5	lower_recurrence_exact	True
5:16500000	1	MYO10	1	1	0	1	0	1	6	5	0.21031111	neuro_systemic	moderate_0.2_0.5	lower_recurrence_exact	True
5:168500000	1	PANK3	1	1	0	1	0	1	11	5	0.31976795	neuro_systemic	moderate_0.2_0.5	core_exact_n10	True
5:76000000	1	IQGAP2	1	1	0	1	0	1	15	5	0.23719953	neuro_systemic	moderate_0.2_0.5	core_exact_n10	True
6:13500000	1	RANBP9	1	1	0	1	0	1	5	5	0.20722133	neuro_systemic	moderate_0.2_0.5	lower_recurrence_exact	True
6:135500000	1	AHI1	1	1	0	1	0	1	11	5	0.23987214	systemic_non_neural	moderate_0.2_0.5	core_exact_n10	True
6:166000000	1	PRR18	1	1	0	1	0	1	9	5	0.21059498	systemic_non_neural	moderate_0.2_0.5	lower_recurrence_exact	True
6:37500000	1	ZFAND3	1	1	0	1	0	1	11	5	0.18028206	systemic_non_neural	hidden_lt0.2	core_exact_n10	True
6:38500000	1	GLO1	1	1	0	1	0	1	8	5	0.3061127	neuro_systemic	moderate_0.2_0.5	lower_recurrence_exact	True
6:56500000	1	DST	1	1	0	1	0	1	9	5	0.23615813	neuro_systemic	moderate_0.2_0.5	lower_recurrence_exact	True
7:116500000	1	CAPZA2	1	1	0	1	0	1	8	5	0.35906535	neuro_systemic	moderate_0.2_0.5	lower_recurrence_exact	True
7:121000000	1	CPED1	1	1	0	1	0	1	10	5	0.14599815	neuro_systemic	hidden_lt0.2	core_exact_n10	True
7:142500000	1	TRPV6	1	1	0	1	0	1	7	5	0.2477536	systemic_non_neural	moderate_0.2_0.5	lower_recurrence_exact	True
7:51000000	1	COBL	1	1	0	1	0	1	6	5	0.26874703	neuro_systemic	moderate_0.2_0.5	lower_recurrence_exact	True
7:98500000	1	TRRAP	1	1	0	1	0	1	9	5	0.23238145	systemic_non_neural	moderate_0.2_0.5	lower_recurrence_exact	True
8:28500000	1	EXTL3	1	1	0	1	0	1	10	5	0.15660706	neural_enriched	hidden_lt0.2	core_exact_n10	True
8:48500000	1	SNAI2	1	1	0	1	0	1	12	5	0.29230833	systemic_non_neural	moderate_0.2_0.5	core_exact_n10	True
8:98500000	1	STK3	1	1	0	1	0	1	6	5	0.29952127	systemic_non_neural	moderate_0.2_0.5	lower_recurrence_exact	True
9:34500000	1	CNTFR	1	1	0	1	0	1	9	5	0.20536134	neuro_systemic	moderate_0.2_0.5	lower_recurrence_exact	True
10:86000000	2	WAPL	1	2	0	2	0	2	5	4	0.21364735499999998	systemic_non_neural;systemic_other	moderate_0.2_0.5	lower_recurrence_exact	True
15:41500000	2	MAPKBP1	1	2	0	2	0	2	10	4	0.22717192	neural_enriched;systemic_other	moderate_0.2_0.5	core_exact_n10;lower_recurrence_exact	True
15:74500000	2	PPCDC	1	2	0	2	0	2	14	4	0.26206659	systemic_other	moderate_0.2_0.5	core_exact_n10;lower_recurrence_exact	True
17:3000000	2	RAP1GAP2	1	2	0	2	0	2	5	4	0.21405512999999998	systemic_non_neural	moderate_0.2_0.5	lower_recurrence_exact	True
1:156000000	2	MEF2D	1	2	0	2	0	2	10	4	0.18609859	systemic_non_neural;systemic_other	hidden_lt0.2;moderate_0.2_0.5	core_exact_n10;lower_recurrence_exact	True
1:47000000	2	PDZK1IP1	1	2	0	2	0	2	8	4	0.262874755	systemic_non_neural;systemic_other	moderate_0.2_0.5	lower_recurrence_exact	True
2:131000000	2	CCDC74A	1	2	0	2	0	2	8	4	0.216558885	neuro_systemic;systemic_non_neural	moderate_0.2_0.5	lower_recurrence_exact	True
2:64000000	2	LGALSL	1	2	0	2	0	2	8	4	0.22317029500000002	neuro_systemic	moderate_0.2_0.5	lower_recurrence_exact	True
2:65000000	2	CEP68	1	2	0	2	0	2	7	4	0.31163318500000003	systemic_non_neural;systemic_other	moderate_0.2_0.5	lower_recurrence_exact	True
8:51500000	2	PXDNL	1	2	0	2	0	2	10	4	0.43738388	neural_enriched;neuro_systemic	moderate_0.2_0.5	core_exact_n10;lower_recurrence_exact	True
10:110500000	1	ADRA2A	1	1	0	1	0	1	4	4	0.20105615	systemic_non_neural	moderate_0.2_0.5	lower_recurrence_exact	True
10:43000000	1	HNRNPF	1	1	0	1	0	1	6	4	0.2193967	systemic_non_neural	moderate_0.2_0.5	lower_recurrence_exact	True
10:60500000	1	ANK3	1	1	0	1	0	1	5	4	0.22619988	neural_enriched	moderate_0.2_0.5	lower_recurrence_exact	True
10:70000000	1	PALD1	1	1	0	1	0	1	5	4	0.2108086	systemic_non_neural	moderate_0.2_0.5	lower_recurrence_exact	True
10:72500000	1	MCU	1	1	0	1	0	1	12	4	0.19128436	systemic_other	hidden_lt0.2	core_exact_n10	True
10:74000000	1	VCL	1	1	0	1	0	1	9	4	0.31134105	neuro_systemic	moderate_0.2_0.5	lower_recurrence_exact	True
11:118500000	1	DDX6	1	1	0	1	0	1	8	4	0.24915428	systemic_non_neural	moderate_0.2_0.5	lower_recurrence_exact	True
11:129500000	1	NFRKB	1	1	0	1	0	1	7	4	0.20030518	systemic_non_neural	moderate_0.2_0.5	lower_recurrence_exact	True
11:46000000	1	ATG13	1	1	0	1	0	1	8	4	0.23817651	systemic_non_neural	moderate_0.2_0.5	lower_recurrence_exact	True
11:47000000	1	C11ORF49	1	1	0	1	0	1	6	4	0.20705116	neuro_systemic	moderate_0.2_0.5	lower_recurrence_exact	True
11:60500000	1	CD6	1	1	0	1	0	1	8	4	0.2344273	systemic_non_neural	moderate_0.2_0.5	lower_recurrence_exact	True
11:68500000	1	MRPL21	1	1	0	1	0	1	5	4	0.22926828	systemic_non_neural	moderate_0.2_0.5	lower_recurrence_exact	True
11:94500000	1	AMOTL1	1	1	0	1	0	1	8	4	0.24164504	systemic_non_neural	moderate_0.2_0.5	lower_recurrence_exact	True
12:119500000	1	CIT	1	1	0	1	0	1	8	4	0.26175466	systemic_non_neural	moderate_0.2_0.5	lower_recurrence_exact	True
12:58500000	1	LRIG3	1	1	0	1	0	1	6	4	0.23562002	systemic_non_neural	moderate_0.2_0.5	lower_recurrence_exact	True
12:69500000	1	RAB3IP	1	1	0	1	0	1	8	4	0.36131033	systemic_non_neural	moderate_0.2_0.5	lower_recurrence_exact	True
12:71500000	1	TMEM19	1	1	0	1	0	1	6	4	0.24386951	neuro_systemic	moderate_0.2_0.5	lower_recurrence_exact	True
12:93000000	1	MRPL42	1	1	0	1	0	1	10	4	0.18912368	systemic_other	hidden_lt0.2	core_exact_n10	True
13:100500000	1	TMTC4	1	1	0	1	0	1	6	4	0.26127708	systemic_other	moderate_0.2_0.5	lower_recurrence_exact	True
13:111000000	1	ARHGEF7	1	1	0	1	0	1	7	4	0.25173405	neuro_systemic	moderate_0.2_0.5	lower_recurrence_exact	True
14:22500000	1	HAUS4	1	1	0	1	0	1	7	4	0.21644992	neuro_systemic	moderate_0.2_0.5	lower_recurrence_exact	True
14:37000000	1	SLC25A21	1	1	0	1	0	1	10	4	0.13765743	systemic_other	hidden_lt0.2	core_exact_n10	True
14:50500000	1	TRIM9	1	1	0	1	0	1	11	4	0.16992208	systemic_other	hidden_lt0.2	core_exact_n10	True
14:69000000	1	DCAF5	1	1	0	1	0	1	11	4	0.34808034	neural_enriched	moderate_0.2_0.5	core_exact_n10	True
14:99000000	1	CCNK	1	1	0	1	0	1	8	4	0.24768566	systemic_non_neural	moderate_0.2_0.5	lower_recurrence_exact	True
15:34000000	1	GOLGA8A	1	1	0	1	0	1	12	4	0.3190009	systemic_other	moderate_0.2_0.5	core_exact_n10	True
15:62500000	1	TPM1	1	1	0	1	0	1	5	4	0.22204152	neuro_systemic	moderate_0.2_0.5	lower_recurrence_exact	True
15:69000000	1	PAQR5	1	1	0	1	0	1	9	4	0.2189734	systemic_non_neural	moderate_0.2_0.5	lower_recurrence_exact	True
15:80500000	1	CEMIP	1	1	0	1	0	1	5	4	0.22724514	systemic_non_neural	moderate_0.2_0.5	lower_recurrence_exact	True
15:82000000	1	EFL1	1	1	0	1	0	1	12	4	0.3065281	neural_enriched	moderate_0.2_0.5	core_exact_n10	True
16:75000000	1	ZNRF1	1	1	0	1	0	1	8	4	0.25551865	neuro_systemic	moderate_0.2_0.5	lower_recurrence_exact	True
17:15500000	1	ZNF286A	1	1	0	1	0	1	5	4	0.2169382	systemic_non_neural	moderate_0.2_0.5	lower_recurrence_exact	True
17:21000000	1	NATD1	1	1	0	1	0	1	7	4	0.26435342	systemic_other	moderate_0.2_0.5	lower_recurrence_exact	True
17:28000000	1	LYRM9	1	1	0	1	0	1	5	4	0.2093555	neuro_systemic	moderate_0.2_0.5	lower_recurrence_exact	True
17:3500000	1	TAX1BP3	1	1	0	1	0	1	9	4	0.22041777	neuro_systemic	moderate_0.2_0.5	lower_recurrence_exact	True
17:57500000	1	DYNLL2	1	1	0	1	0	1	5	4	0.21291839	systemic_non_neural	moderate_0.2_0.5	lower_recurrence_exact	True
17:67000000	1	HELZ	1	1	0	1	0	1	12	4	0.31964514	neural_enriched	moderate_0.2_0.5	core_exact_n10	True
17:80500000	1	NPTX1	1	1	0	1	0	1	8	4	0.23847717	neuro_systemic	moderate_0.2_0.5	lower_recurrence_exact	True
18:7000000	1	PTPRM	1	1	0	1	0	1	7	4	0.224708	systemic_non_neural	moderate_0.2_0.5	lower_recurrence_exact	True
19:2500000	1	SLC39A3	1	1	0	1	0	1	6	4	0.2530192	systemic_other	moderate_0.2_0.5	lower_recurrence_exact	True
19:3000000	1	NFIC	1	1	0	1	0	1	7	4	0.3217523	systemic_non_neural	moderate_0.2_0.5	lower_recurrence_exact	True
19:35000000	1	CD22	1	1	0	1	0	1	6	4	0.23023157	systemic_other	moderate_0.2_0.5	lower_recurrence_exact	True
19:37500000	1	SIPA1L3	1	1	0	1	0	1	8	4	0.23464207	neuro_systemic	moderate_0.2_0.5	lower_recurrence_exact	True
19:40000000	1	PLD3	1	1	0	1	0	1	8	4	0.26337275	systemic_non_neural	moderate_0.2_0.5	lower_recurrence_exact	True
19:45000000	1	VASP	1	1	0	1	0	1	10	4	0.22194405	systemic_other	moderate_0.2_0.5	core_exact_n10	True
19:52500000	1	ZNF468	1	1	0	1	0	1	10	4	0.22673474	neural_enriched	moderate_0.2_0.5	core_exact_n10	True
19:55500000	1	SBK2	1	1	0	1	0	1	5	4	0.21533163	systemic_non_neural	moderate_0.2_0.5	lower_recurrence_exact	True
1:155500000	1	ARHGEF2	1	1	0	1	0	1	5	4	0.2153149	systemic_non_neural	moderate_0.2_0.5	lower_recurrence_exact	True
1:16500000	1	NBPF1	1	1	0	1	0	1	7	4	0.23518936	systemic_other	moderate_0.2_0.5	lower_recurrence_exact	True
1:170000000	1	KIFAP3	1	1	0	1	0	1	11	4	0.31994686	neural_enriched	moderate_0.2_0.5	core_exact_n10	True
1:182000000	1	GLUL	1	1	0	1	0	1	5	4	0.24368073	neuro_systemic	moderate_0.2_0.5	lower_recurrence_exact	True
1:212000000	1	DTL	1	1	0	1	0	1	4	4	0.26501188	neural_enriched	moderate_0.2_0.5	lower_recurrence_exact	True
1:21500000	1	USP48	1	1	0	1	0	1	8	4	0.37750173	neuro_systemic	moderate_0.2_0.5	lower_recurrence_exact	True
1:228000000	1	GUK1	1	1	0	1	0	1	11	4	0.20975958	systemic_other	moderate_0.2_0.5	core_exact_n10	True
1:246500000	1	CNST	1	1	0	1	0	1	6	4	0.26883614	systemic_other	moderate_0.2_0.5	lower_recurrence_exact	True
1:37500000	1	INPP5B	1	1	0	1	0	1	10	4	0.28723797	systemic_other	moderate_0.2_0.5	core_exact_n10	True
1:48000000	1	SPATA6	1	1	0	1	0	1	5	4	0.21596125	systemic_non_neural	moderate_0.2_0.5	lower_recurrence_exact	True
1:70500000	1	PTGER3	1	1	0	1	0	1	5	4	0.20197919	neuro_systemic	moderate_0.2_0.5	lower_recurrence_exact	True
1:8000000	1	RERE	1	1	0	1	0	1	8	4	0.30249846	neuro_systemic	moderate_0.2_0.5	lower_recurrence_exact	True
1:84000000	1	PRKACB	1	1	0	1	0	1	7	4	0.21270385	systemic_other	moderate_0.2_0.5	lower_recurrence_exact	True
1:85500000	1	DDAH1	1	1	0	1	0	1	10	4	0.14246269	neural_enriched	hidden_lt0.2	core_exact_n10	True
20:1500000	1	SIRPB1	1	1	0	1	0	1	4	4	0.2805877	neuro_systemic	moderate_0.2_0.5	lower_recurrence_exact	True
20:63000000	1	PPDPF	1	1	0	1	0	1	7	4	0.20291337	systemic_non_neural	moderate_0.2_0.5	lower_recurrence_exact	True
22:19500000	1	ARVCF	1	1	0	1	0	1	5	4	0.21674202	systemic_non_neural	moderate_0.2_0.5	lower_recurrence_exact	True
22:32000000	1	PISD	1	1	0	1	0	1	8	4	0.20641987	neuro_systemic	moderate_0.2_0.5	lower_recurrence_exact	True
2:130000000	1	IMP4	1	1	0	1	0	1	7	4	0.22775826	systemic_non_neural	moderate_0.2_0.5	lower_recurrence_exact	True
2:135000000	1	ZRANB3	1	1	0	1	0	1	7	4	0.2586552	systemic_non_neural	moderate_0.2_0.5	lower_recurrence_exact	True
2:157000000	1	ERMN	1	1	0	1	0	1	9	4	0.41623208	neuro_systemic	moderate_0.2_0.5	lower_recurrence_exact	True
2:191500000	1	NABP1	1	1	0	1	0	1	8	4	0.22191244	neuro_systemic	moderate_0.2_0.5	lower_recurrence_exact	True
2:196500000	1	HECW2	1	1	0	1	0	1	10	4	0.46047676	neural_enriched	moderate_0.2_0.5	core_exact_n10	True
2:230000000	1	TRIP12	1	1	0	1	0	1	6	4	0.21579647	neural_enriched	moderate_0.2_0.5	lower_recurrence_exact	True
2:24000000	1	TP53I3	1	1	0	1	0	1	9	4	0.37469563	neuro_systemic	moderate_0.2_0.5	lower_recurrence_exact	True
2:72500000	1	CYP26B1	1	1	0	1	0	1	5	4	0.215192	neuro_systemic	moderate_0.2_0.5	lower_recurrence_exact	True
2:85500000	1	ST3GAL5	1	1	0	1	0	1	6	4	0.35224798	systemic_non_neural	moderate_0.2_0.5	lower_recurrence_exact	True
2:98500000	1	INPP4A	1	1	0	1	0	1	5	4	0.24724767	systemic_non_neural	moderate_0.2_0.5	lower_recurrence_exact	True
3:105500000	1	CBLB	1	1	0	1	0	1	10	4	0.26413497	systemic_other	moderate_0.2_0.5	core_exact_n10	True
3:112500000	1	SLC35A5	1	1	0	1	0	1	4	4	0.22335881	systemic_non_neural	moderate_0.2_0.5	lower_recurrence_exact	True
3:197000000	1	MELTF	1	1	0	1	0	1	4	4	0.20285115	systemic_non_neural	moderate_0.2_0.5	lower_recurrence_exact	True
3:42000000	1	TRAK1	1	1	0	1	0	1	7	4	0.22495389	neuro_systemic	moderate_0.2_0.5	lower_recurrence_exact	True
3:58000000	1	FLNB	1	1	0	1	0	1	7	4	0.37671435	neuro_systemic	moderate_0.2_0.5	lower_recurrence_exact	True
3:78500000	1	ROBO1	1	1	0	1	0	1	6	4	0.21513037	systemic_non_neural	moderate_0.2_0.5	lower_recurrence_exact	True
3:9500000	1	ARPC4	1	1	0	1	0	1	10	4	0.21412638	systemic_other	moderate_0.2_0.5	core_exact_n10	True
4:109000000	1	SEC24B	1	1	0	1	0	1	8	4	0.26346284	systemic_non_neural	moderate_0.2_0.5	lower_recurrence_exact	True
4:143500000	1	GYPB	1	1	0	1	0	1	4	4	0.2016466	systemic_non_neural	moderate_0.2_0.5	lower_recurrence_exact	True
4:169500000	1	CLCN3	1	1	0	1	0	1	7	4	0.24455251	neural_enriched	moderate_0.2_0.5	lower_recurrence_exact	True
4:175000000	1	GLRA3	1	1	0	1	0	1	4	4	0.2678284	systemic_non_neural	moderate_0.2_0.5	lower_recurrence_exact	True
4:183000000	1	WWC2	1	1	0	1	0	1	5	4	0.20607448	systemic_other	moderate_0.2_0.5	lower_recurrence_exact	True
4:8000000	1	CPZ	1	1	0	1	0	1	11	4	0.30225375	neural_enriched	moderate_0.2_0.5	core_exact_n10	True
5:115000000	1	CCDC112	1	1	0	1	0	1	5	4	0.29384023	neuro_systemic	moderate_0.2_0.5	lower_recurrence_exact	True
5:126500000	1	C5ORF63	1	1	0	1	0	1	9	4	0.32938537	systemic_non_neural	moderate_0.2_0.5	lower_recurrence_exact	True
5:132500000	1	HSPA4	1	1	0	1	0	1	7	4	0.26726753	systemic_non_neural	moderate_0.2_0.5	lower_recurrence_exact	True
5:135000000	1	PITX1	1	1	0	1	0	1	9	4	0.3406552	neuro_systemic	moderate_0.2_0.5	lower_recurrence_exact	True
5:135500000	1	SLC25A48	1	1	0	1	0	1	6	4	0.30619118	neuro_systemic	moderate_0.2_0.5	lower_recurrence_exact	True
5:14500000	1	ANKH	1	1	0	1	0	1	6	4	0.27056685	neuro_systemic	moderate_0.2_0.5	lower_recurrence_exact	True
5:156500000	1	SGCD	1	1	0	1	0	1	7	4	0.23280056	systemic_non_neural	moderate_0.2_0.5	lower_recurrence_exact	True
5:55500000	1	IL6ST	1	1	0	1	0	1	10	4	0.17777875	systemic_other	hidden_lt0.2	core_exact_n10	True
5:73500000	1	ARHGEF28	1	1	0	1	0	1	5	4	0.26420644	neural_enriched	moderate_0.2_0.5	lower_recurrence_exact	True
5:7500000	1	ADCY2	1	1	0	1	0	1	6	4	0.22901951	systemic_non_neural	moderate_0.2_0.5	lower_recurrence_exact	True
5:92500000	1	NR2F1	1	1	0	1	0	1	10	4	0.21988806	systemic_other	moderate_0.2_0.5	core_exact_n10	True
6:134500000	1	SGK1	1	1	0	1	0	1	8	4	0.22634658	neuro_systemic	moderate_0.2_0.5	lower_recurrence_exact	True
6:42500000	1	PRPH2	1	1	0	1	0	1	5	4	0.2251438	systemic_non_neural	moderate_0.2_0.5	lower_recurrence_exact	True
6:46500000	1	RCAN2	1	1	0	1	0	1	5	4	0.23196219	neuro_systemic	moderate_0.2_0.5	lower_recurrence_exact	True
6:96500000	1	FHL5	1	1	0	1	0	1	6	4	0.3101524	neural_enriched	moderate_0.2_0.5	lower_recurrence_exact	True
7:100500000	1	TSC22D4	1	1	0	1	0	1	8	4	0.34705803	neuro_systemic	moderate_0.2_0.5	lower_recurrence_exact	True
7:128500000	1	CCDC136	1	1	0	1	0	1	7	4	0.21550769	systemic_non_neural	moderate_0.2_0.5	lower_recurrence_exact	True
7:15500000	1	AGMO	1	1	0	1	0	1	6	4	0.20593962	systemic_non_neural	moderate_0.2_0.5	lower_recurrence_exact	True
7:44000000	1	NUDCD3	1	1	0	1	0	1	5	4	0.20923305	systemic_non_neural	moderate_0.2_0.5	lower_recurrence_exact	True
7:98000000	1	BAIAP2L1	1	1	0	1	0	1	7	4	0.30132598	neuro_systemic	moderate_0.2_0.5	lower_recurrence_exact	True
8:23000000	1	TNFRSF10D	1	1	0	1	0	1	5	4	0.23397548	systemic_non_neural	moderate_0.2_0.5	lower_recurrence_exact	True
8:41000000	1	SFRP1	1	1	0	1	0	1	9	4	0.2150368	neuro_systemic	moderate_0.2_0.5	lower_recurrence_exact	True
8:41500000	1	KAT6A	1	1	0	1	0	1	11	4	0.2132923	systemic_other	moderate_0.2_0.5	core_exact_n10	True
8:56000000	1	CHCHD7	1	1	0	1	0	1	12	4	0.3269115	systemic_other	moderate_0.2_0.5	core_exact_n10	True
8:80000000	1	PAG1	1	1	0	1	0	1	11	4	0.32509777	systemic_other	moderate_0.2_0.5	core_exact_n10	True
8:94500000	1	NDUFAF6	1	1	0	1	0	1	7	4	0.31902853	systemic_non_neural	moderate_0.2_0.5	lower_recurrence_exact	True
9:100000000	1	MSANTD3	1	1	0	1	0	1	5	4	0.26448402	systemic_other	moderate_0.2_0.5	lower_recurrence_exact	True
9:115000000	1	TNC	1	1	0	1	0	1	7	4	0.25081745	neural_enriched	moderate_0.2_0.5	lower_recurrence_exact	True
9:69000000	1	TJP2	1	1	0	1	0	1	8	4	0.20526087	systemic_other	moderate_0.2_0.5	lower_recurrence_exact	True
9:69500000	1	PTAR1	1	1	0	1	0	1	6	4	0.21348205	systemic_non_neural	moderate_0.2_0.5	lower_recurrence_exact	True
9:79500000	1	TLE4	1	1	0	1	0	1	6	4	0.20433572	neuro_systemic	moderate_0.2_0.5	lower_recurrence_exact	True
9:81500000	1	TLE1	1	1	0	1	0	1	14	4	0.34507012	systemic_other	moderate_0.2_0.5	core_exact_n10	True
11:73500000	2	FAM168A	1	2	0	2	0	2	4	3	0.32539855	systemic_other	moderate_0.2_0.5	lower_recurrence_exact	True
16:22000000	2	UQCRC2	1	2	0	2	0	2	10	3	0.20871699	systemic_other	hidden_lt0.2;moderate_0.2_0.5	core_exact_n10	True
17:19000000	2	SLC5A10	1	2	0	2	0	2	10	3	0.2835045	systemic_other	moderate_0.2_0.5	core_exact_n10	True
17:76000000	2	EXOC7	1	2	0	2	0	2	11	3	0.31204596	systemic_other	moderate_0.2_0.5	core_exact_n10;lower_recurrence_exact	True
2:23500000	2	TP53I3	1	2	0	2	0	2	4	3	0.29803932499999997	systemic_other	moderate_0.2_0.5	lower_recurrence_exact	True
9:88000000	2	NXNL2	1	2	0	2	0	2	4	3	0.264515005	systemic_other	moderate_0.2_0.5	lower_recurrence_exact	True
10:22500000	1	PIP4K2A	1	1	0	1	0	1	3	3	0.29987118	neural_enriched	moderate_0.2_0.5	lower_recurrence_exact	True
10:28000000	1	MPP7	1	1	0	1	0	1	3	3	0.21433248	neural_enriched	moderate_0.2_0.5	lower_recurrence_exact	True
10:44500000	1	CXCL12	1	1	0	1	0	1	4	3	0.20714225	systemic_other	moderate_0.2_0.5	lower_recurrence_exact	True
10:86500000	1	MMRN2	1	1	0	1	0	1	11	3	0.4003262	systemic_other	moderate_0.2_0.5	core_exact_n10	True
11:104500000	1	CASP4	1	1	0	1	0	1	4	3	0.27464896	neural_enriched	moderate_0.2_0.5	lower_recurrence_exact	True
11:30000000	1	ARL14EP	1	1	0	1	0	1	4	3	0.22558632	systemic_other	moderate_0.2_0.5	lower_recurrence_exact	True
11:44500000	1	CD82	1	1	0	1	0	1	4	3	0.23074403	neural_enriched	moderate_0.2_0.5	lower_recurrence_exact	True
11:75000000	1	ARRB1	1	1	0	1	0	1	4	3	0.20910762	systemic_other	moderate_0.2_0.5	lower_recurrence_exact	True
12:107500000	1	BTBD11	1	1	0	1	0	1	4	3	0.2124864	systemic_other	moderate_0.2_0.5	lower_recurrence_exact	True
12:117000000	1	NOS1	1	1	0	1	0	1	3	3	0.2486767	systemic_other	moderate_0.2_0.5	lower_recurrence_exact	True
12:46000000	1	SLC38A1	1	1	0	1	0	1	3	3	0.24417976	systemic_other	moderate_0.2_0.5	lower_recurrence_exact	True
12:54000000	1	COPZ1	1	1	0	1	0	1	4	3	0.2035886	systemic_other	moderate_0.2_0.5	lower_recurrence_exact	True
12:82000000	1	METTL25	1	1	0	1	0	1	4	3	0.23757292	systemic_other	moderate_0.2_0.5	lower_recurrence_exact	True
12:92000000	1	BTG1	1	1	0	1	0	1	3	3	0.20634261	systemic_other	moderate_0.2_0.5	lower_recurrence_exact	True
13:114000000	1	UPF3A	1	1	0	1	0	1	4	3	0.28292945	systemic_other	moderate_0.2_0.5	lower_recurrence_exact	True
13:30000000	1	KATNAL1	1	1	0	1	0	1	11	3	0.3274513	neural_enriched	moderate_0.2_0.5	core_exact_n10	True
13:41500000	1	DGKH	1	1	0	1	0	1	10	3	0.3456447	systemic_other	moderate_0.2_0.5	core_exact_n10	True
13:43500000	1	ENOX1	1	1	0	1	0	1	3	3	0.20023303	systemic_other	moderate_0.2_0.5	lower_recurrence_exact	True
13:99000000	1	DOCK9	1	1	0	1	0	1	3	3	0.22045295	systemic_other	moderate_0.2_0.5	lower_recurrence_exact	True
14:31500000	1	DTD2	1	1	0	1	0	1	4	3	0.22846775	neural_enriched	moderate_0.2_0.5	lower_recurrence_exact	True
14:39000000	1	TRAPPC6B	1	1	0	1	0	1	4	3	0.2913586	systemic_other	moderate_0.2_0.5	lower_recurrence_exact	True
14:52500000	1	FERMT2	1	1	0	1	0	1	13	3	0.3152713	systemic_other	moderate_0.2_0.5	core_exact_n10	True
14:53000000	1	DDHD1	1	1	0	1	0	1	3	3	0.22078991	systemic_other	moderate_0.2_0.5	lower_recurrence_exact	True
14:54500000	1	GMFB	1	1	0	1	0	1	3	3	0.20737717	neural_enriched	moderate_0.2_0.5	lower_recurrence_exact	True
14:69500000	1	SUSD6	1	1	0	1	0	1	10	3	0.30377632	neural_enriched	moderate_0.2_0.5	core_exact_n10	True
14:77500000	1	SLIRP	1	1	0	1	0	1	3	3	0.26842687	systemic_other	moderate_0.2_0.5	lower_recurrence_exact	True
15:48000000	1	MYEF2	1	1	0	1	0	1	3	3	0.27175313	systemic_other	moderate_0.2_0.5	lower_recurrence_exact	True
15:56500000	1	TCF12	1	1	0	1	0	1	4	3	0.21265912	systemic_other	moderate_0.2_0.5	lower_recurrence_exact	True
15:58500000	1	MINDY2	1	1	0	1	0	1	10	3	0.21781011	systemic_other	moderate_0.2_0.5	core_exact_n10	True
15:89000000	1	ABHD2	1	1	0	1	0	1	3	3	0.25505674	neural_enriched	moderate_0.2_0.5	lower_recurrence_exact	True
16:4500000	1	ROGDI	1	1	0	1	0	1	4	3	0.24711101	systemic_other	moderate_0.2_0.5	lower_recurrence_exact	True
16:74000000	1	GLG1	1	1	0	1	0	1	4	3	0.20478565	neural_enriched	moderate_0.2_0.5	lower_recurrence_exact	True
16:8500000	1	USP7	1	1	0	1	0	1	4	3	0.21422222	neural_enriched	moderate_0.2_0.5	lower_recurrence_exact	True
17:10500000	1	MYH8	1	1	0	1	0	1	10	3	0.26967195	neural_enriched	moderate_0.2_0.5	core_exact_n10	True
17:18000000	1	ATPAF2	1	1	0	1	0	1	4	3	0.3737	neural_enriched	moderate_0.2_0.5	lower_recurrence_exact	True
17:35000000	1	RFFL	1	1	0	1	0	1	4	3	0.24871472	systemic_other	moderate_0.2_0.5	lower_recurrence_exact	True
17:41000000	1	KRT32	1	1	0	1	0	1	4	3	0.24438141	neural_enriched	moderate_0.2_0.5	lower_recurrence_exact	True
18:11500000	1	GNAL	1	1	0	1	0	1	3	3	0.23795536	systemic_other	moderate_0.2_0.5	lower_recurrence_exact	True
18:34500000	1	DTNA	1	1	0	1	0	1	3	3	0.21248522	systemic_other	moderate_0.2_0.5	lower_recurrence_exact	True
18:500000	1	ADCYAP1	1	1	0	1	0	1	4	3	0.23987387	systemic_other	moderate_0.2_0.5	lower_recurrence_exact	True
18:58500000	1	MALT1	1	1	0	1	0	1	4	3	0.2885625	systemic_other	moderate_0.2_0.5	lower_recurrence_exact	True
18:76000000	1	ZNF516	1	1	0	1	0	1	10	3	0.25498655	systemic_other	moderate_0.2_0.5	core_exact_n10	True
19:0	1	SHC2	1	1	0	1	0	1	3	3	0.22074606	systemic_other	moderate_0.2_0.5	lower_recurrence_exact	True
19:50500000	1	SHANK1	1	1	0	1	0	1	4	3	0.20906532	systemic_other	moderate_0.2_0.5	lower_recurrence_exact	True
19:51000000	1	ETFB	1	1	0	1	0	1	4	3	0.27451828	systemic_other	moderate_0.2_0.5	lower_recurrence_exact	True
1:152000000	1	HRNR	1	1	0	1	0	1	4	3	0.2019338	neural_enriched	moderate_0.2_0.5	lower_recurrence_exact	True
1:160500000	1	ITLN2	1	1	0	1	0	1	4	3	0.27434295	systemic_other	moderate_0.2_0.5	lower_recurrence_exact	True
1:31000000	1	ZCCHC17	1	1	0	1	0	1	4	3	0.21786085	neural_enriched	moderate_0.2_0.5	lower_recurrence_exact	True
1:31500000	1	SPOCD1	1	1	0	1	0	1	3	3	0.20779997	systemic_other	moderate_0.2_0.5	lower_recurrence_exact	True
1:46500000	1	CYP4A22	1	1	0	1	0	1	10	3	0.21680565	systemic_other	moderate_0.2_0.5	core_exact_n10	True
1:51500000	1	OSBPL9	1	1	0	1	0	1	3	3	0.22058624	systemic_other	moderate_0.2_0.5	lower_recurrence_exact	True
1:52000000	1	BTF3L4	1	1	0	1	0	1	3	3	0.23791146	neural_enriched	moderate_0.2_0.5	lower_recurrence_exact	True
1:54500000	1	TTC22	1	1	0	1	0	1	3	3	0.20101817	neural_enriched	moderate_0.2_0.5	lower_recurrence_exact	True
1:6000000	1	KCNAB2	1	1	0	1	0	1	3	3	0.27299482	systemic_other	moderate_0.2_0.5	lower_recurrence_exact	True
20:41500000	1	CHD6	1	1	0	1	0	1	4	3	0.20279144	systemic_other	moderate_0.2_0.5	lower_recurrence_exact	True
20:49500000	1	B4GALT5	1	1	0	1	0	1	4	3	0.3328287	systemic_other	moderate_0.2_0.5	lower_recurrence_exact	True
21:15500000	1	USP25	1	1	0	1	0	1	3	3	0.22231072	systemic_other	moderate_0.2_0.5	lower_recurrence_exact	True
22:17500000	1	BID	1	1	0	1	0	1	14	3	0.47306693	neural_enriched	moderate_0.2_0.5	core_exact_n10	True
22:24000000	1	ADORA2A	1	1	0	1	0	1	4	3	0.2331666	systemic_other	moderate_0.2_0.5	lower_recurrence_exact	True
22:40500000	1	XPNPEP3	1	1	0	1	0	1	3	3	0.20289305	systemic_other	moderate_0.2_0.5	lower_recurrence_exact	True
2:11500000	1	LPIN1	1	1	0	1	0	1	3	3	0.20121557	systemic_other	moderate_0.2_0.5	lower_recurrence_exact	True
2:189000000	1	COL5A2	1	1	0	1	0	1	4	3	0.21602383	systemic_other	moderate_0.2_0.5	lower_recurrence_exact	True
2:201000000	1	CASP8	1	1	0	1	0	1	3	3	0.24608666	systemic_other	moderate_0.2_0.5	lower_recurrence_exact	True
2:223500000	1	WDFY1	1	1	0	1	0	1	3	3	0.20384626	systemic_other	moderate_0.2_0.5	lower_recurrence_exact	True
2:238000000	1	UBE2F	1	1	0	1	0	1	4	3	0.25857443	neural_enriched	moderate_0.2_0.5	lower_recurrence_exact	True
2:36500000	1	STRN	1	1	0	1	0	1	10	3	0.2230603	neural_enriched	moderate_0.2_0.5	core_exact_n10	True
2:39500000	1	THUMPD2	1	1	0	1	0	1	4	3	0.26392913	neural_enriched	moderate_0.2_0.5	lower_recurrence_exact	True
3:123500000	1	CCDC14	1	1	0	1	0	1	4	3	0.3775224	neural_enriched	moderate_0.2_0.5	lower_recurrence_exact	True
3:146000000	1	PLOD2	1	1	0	1	0	1	4	3	0.2105155	neural_enriched	moderate_0.2_0.5	lower_recurrence_exact	True
3:15000000	1	NR2C2	1	1	0	1	0	1	4	3	0.23956425	neural_enriched	moderate_0.2_0.5	lower_recurrence_exact	True
3:156500000	1	LEKR1	1	1	0	1	0	1	3	3	0.23003338	systemic_other	moderate_0.2_0.5	lower_recurrence_exact	True
3:159500000	1	SCHIP1	1	1	0	1	0	1	11	3	0.28089678	neural_enriched	moderate_0.2_0.5	core_exact_n10	True
4:184500000	1	CASP3	1	1	0	1	0	1	4	3	0.2450583	neural_enriched	moderate_0.2_0.5	lower_recurrence_exact	True
4:2000000	1	NELFA	1	1	0	1	0	1	4	3	0.22253343	systemic_other	moderate_0.2_0.5	lower_recurrence_exact	True
4:37500000	1	PTTG2	1	1	0	1	0	1	3	3	0.29510006	systemic_other	moderate_0.2_0.5	lower_recurrence_exact	True
4:80000000	1	PRDM8	1	1	0	1	0	1	3	3	0.21780099	systemic_other	moderate_0.2_0.5	lower_recurrence_exact	True
4:98000000	1	RAP1GDS1	1	1	0	1	0	1	12	3	0.39260662	neural_enriched	moderate_0.2_0.5	core_exact_n10	True
5:112000000	1	EPB41L4A	1	1	0	1	0	1	4	3	0.21354918	neural_enriched	moderate_0.2_0.5	lower_recurrence_exact	True
5:151500000	1	ATOX1	1	1	0	1	0	1	4	3	0.20430161	neural_enriched	moderate_0.2_0.5	lower_recurrence_exact	True
5:157500000	1	CLINT1	1	1	0	1	0	1	3	3	0.21892841	systemic_other	moderate_0.2_0.5	lower_recurrence_exact	True
6:107000000	1	SOBP	1	1	0	1	0	1	4	3	0.2279078	systemic_other	moderate_0.2_0.5	lower_recurrence_exact	True
6:138000000	1	PERP	1	1	0	1	0	1	3	3	0.21264166	systemic_other	moderate_0.2_0.5	lower_recurrence_exact	True
6:158000000	1	GTF2H5	1	1	0	1	0	1	10	3	0.15728094	systemic_other	hidden_lt0.2	core_exact_n10	True
6:17500000	1	KIF13A	1	1	0	1	0	1	10	3	0.28307772	neural_enriched	moderate_0.2_0.5	core_exact_n10	True
6:71000000	1	OGFRL1	1	1	0	1	0	1	3	3	0.22114784	systemic_other	moderate_0.2_0.5	lower_recurrence_exact	True
6:78500000	1	IRAK1BP1	1	1	0	1	0	1	4	3	0.27635762	systemic_other	moderate_0.2_0.5	lower_recurrence_exact	True
6:80000000	1	BCKDHB	1	1	0	1	0	1	11	3	0.38431856	systemic_other	moderate_0.2_0.5	core_exact_n10	True
7:117000000	1	CFTR	1	1	0	1	0	1	4	3	0.21799901	systemic_other	moderate_0.2_0.5	lower_recurrence_exact	True
7:143000000	1	EPHB6	1	1	0	1	0	1	3	3	0.2498584	systemic_other	moderate_0.2_0.5	lower_recurrence_exact	True
7:1500000	1	PSMG3	1	1	0	1	0	1	3	3	0.23378246	neural_enriched	moderate_0.2_0.5	lower_recurrence_exact	True
7:158000000	1	PTPRN2	1	1	0	1	0	1	11	3	0.1681731	systemic_other	hidden_lt0.2	core_exact_n10	True
7:50000000	1	ZPBP	1	1	0	1	0	1	10	3	0.23944183	neural_enriched	moderate_0.2_0.5	core_exact_n10	True
8:39000000	1	ADAM32	1	1	0	1	0	1	11	3	0.29418537	systemic_other	moderate_0.2_0.5	core_exact_n10	True
8:95000000	1	PLEKHF2	1	1	0	1	0	1	3	3	0.38314867	systemic_other	moderate_0.2_0.5	lower_recurrence_exact	True
8:98000000	1	NIPAL2	1	1	0	1	0	1	4	3	0.2947485	systemic_other	moderate_0.2_0.5	lower_recurrence_exact	True
9:113000000	1	RGS3	1	1	0	1	0	1	11	3	0.18381692	systemic_other	hidden_lt0.2	core_exact_n10	True
9:123000000	1	STRBP	1	1	0	1	0	1	10	3	0.37289312	neural_enriched	moderate_0.2_0.5	core_exact_n10	True
9:131000000	1	PRRC2B	1	1	0	1	0	1	3	3	0.2373248	systemic_other	moderate_0.2_0.5	lower_recurrence_exact	True
9:19000000	1	DENND4C	1	1	0	1	0	1	10	3	0.28902438	systemic_other	moderate_0.2_0.5	core_exact_n10	True
9:33500000	1	PRSS3	1	1	0	1	0	1	4	3	0.22915314	systemic_other	moderate_0.2_0.5	lower_recurrence_exact	True
9:6500000	1	UHRF2	1	1	0	1	0	1	4	3	0.3998262	systemic_other	moderate_0.2_0.5	lower_recurrence_exact	True
10:10500000	1	CELF2	1	1	0	1	0	1	11	2	0.29036602	systemic_other	moderate_0.2_0.5	core_exact_n10	True
16:3500000	1	TRAP1	1	1	0	1	0	1	10	2	0.31570792	systemic_other	moderate_0.2_0.5	core_exact_n10	True
16:58500000	1	SLC38A7	1	1	0	1	0	1	10	2	0.2759109	systemic_other	moderate_0.2_0.5	core_exact_n10	True
2:28500000	1	WDR43	1	1	0	1	0	1	10	2	0.45565215	systemic_other	moderate_0.2_0.5	core_exact_n10	True
7:72500000	1	TYW1B	1	1	0	1	0	1	10	2	0.39382738	systemic_other	moderate_0.2_0.5	core_exact_n10	True
16:23000000	3	EARS2;GGA2;UBFD1	3	0	3	3	0	3	30	12	0.28231066	systemic_non_neural	moderate_0.2_0.5	core_exact_n10	False
9:137000000	7	ABCA2;DPP7;ENTPD8;MAN1B1;NSMF;TMEM203;TOR4A;TPRN;UAP1L1	9	4	3	7	0	7	42	11	0.26511246	neural_enriched;systemic_non_neural;systemic_other	moderate_0.2_0.5	core_exact_n10;lower_recurrence_exact	False
17:64500000	6	CEP95;GNA13;RGS9;SMURF2	4	1	5	6	0	6	34	10	0.315038965	neuro_systemic;systemic_non_neural;systemic_other	moderate_0.2_0.5	core_exact_n10;lower_recurrence_exact	False
2:96000000	5	ADRA2B;ANKRD36C;ASTL;CIAO1;NEURL3;SNRNP200;STARD7;TMEM127	8	1	4	5	0	5	20	10	0.26042503	mixed_trait_axis;neuro_systemic;systemic_non_neural;systemic_other	hidden_lt0.2;moderate_0.2_0.5	core_exact_n10;lower_recurrence_exact	False
11:57000000	2	RTN4RL2;SLC43A1;SLC43A3;SMTNL1;TIMM10;YPEL4	6	0	2	2	0	2	36	10	0.287804615	mixed_trait_axis;systemic_non_neural	moderate_0.2_0.5	core_exact_n10	False
19:16000000	1	EPS15L1;SMIM7	2	0	1	1	0	1	25	10	0.27711928	systemic_non_neural	moderate_0.2_0.5	core_exact_n10	False
8:42000000	1	SLC20A2;SMIM19	2	0	1	1	0	1	15	10	0.28348807	mixed_trait_axis	moderate_0.2_0.5	core_exact_n10	False
8:143500000	7	EPPK1;FAM83H;GPAA1;MAF1;MROH6;PARP10;PLEC;PUF60;SCRIB;WDR97	10	2	5	7	0	7	19	9	0.34357786	mixed_trait_axis;systemic_non_neural	moderate_0.2_0.5	core_exact_n10;lower_recurrence_exact	False
14:104500000	4	CDCA4;CEP170B;GPR132;NUDT14	4	3	1	4	0	4	15	9	0.26404703	systemic_non_neural;systemic_other	moderate_0.2_0.5	core_exact_n10;lower_recurrence_exact	False
17:75500000	4	FBF1;ITGB4;LLGL2;MRPL38;RECQL5;SAP30BP;SMIM5;SMIM6;TEN1;TRIM47;TRIM65	11	2	2	4	0	4	26	9	0.26019445	systemic_non_neural	moderate_0.2_0.5	core_exact_n10;lower_recurrence_exact	False
12:55500000	2	DGKA;MMP19	2	2	0	2	0	2	19	9	0.41550498999999996	mixed_trait_axis;systemic_non_neural	moderate_0.2_0.5	core_exact_n10	False
17:42500000	2	BECN1;PTGES3L	2	2	0	2	0	2	23	9	0.29163905	systemic_non_neural	moderate_0.2_0.5	core_exact_n10;lower_recurrence_exact	False
2:38000000	2	ATL2;CYP1B1;RMDN2	3	1	1	2	0	2	12	9	0.24344395	neural_enriched;systemic_non_neural	moderate_0.2_0.5	core_exact_n10;lower_recurrence_exact	False
8:73500000	1	STAU2;UBE2W	2	0	1	1	0	1	13	9	0.33149546	systemic_non_neural	moderate_0.2_0.5	core_exact_n10	False
17:74500000	5	CDR2L;GRIN2C;HID1;KCTD2;SLC9A3R1;TMEM104	6	3	2	5	0	5	23	8	0.28817633	neural_enriched;neuro_systemic;systemic_non_neural;systemic_other	hidden_lt0.2;moderate_0.2_0.5	core_exact_n10;lower_recurrence_exact	False
12:110500000	4	ARPC3;ATP2A2;FAM216A;GPN3;HVCN1;IFT81;PPP1CC;PPTC7;RAD9B;TCTN1;TRPV4;VPS29	12	1	3	4	0	4	16	8	0.23969362	neuro_systemic;systemic_non_neural;systemic_other	hidden_lt0.2;moderate_0.2_0.5	core_exact_n10;lower_recurrence_exact	False
12:15500000	3	DERA;EPS8	2	3	0	3	0	3	23	8	0.2581238	mixed_trait_axis;systemic_non_neural	moderate_0.2_0.5	core_exact_n10;lower_recurrence_exact	False
16:4000000	3	C16ORF96;CDIP1;CORO7;DNAJA3;HMOX2;MGRN1;NMRAL1;PAM16;VASN	9	1	2	3	0	3	16	8	0.26937172	mixed_trait_axis;neural_enriched;systemic_non_neural	hidden_lt0.2;moderate_0.2_0.5	core_exact_n10	False
19:42500000	3	CEACAM1;GRIK5;ZNF574	3	2	1	3	0	3	11	8	0.26236638	mixed_trait_axis;neuro_systemic	hidden_lt0.2;moderate_0.2_0.5	core_exact_n10	False
7:65500000	3	ASL;GUSB;KCTD7;RABGEF1;TPST1;VKORC1L1;ZNF273;ZNF92	8	1	2	3	0	3	23	8	0.35197648	neuro_systemic;systemic_non_neural	moderate_0.2_0.5	core_exact_n10;lower_recurrence_exact	False
7:75500000	3	MDH2;POR;STYXL1;TMEM120A	4	1	2	3	0	3	23	8	0.26025394	mixed_trait_axis;neural_enriched;systemic_non_neural	moderate_0.2_0.5	core_exact_n10	False
10:100500000	2	LZTS2;PDZD7;SEC31B;SEMA4G;SLF2	5	1	1	2	0	2	11	8	0.18829068999999998	neuro_systemic;systemic_non_neural	hidden_lt0.2	core_exact_n10	False
16:2000000	2	MLST8;PKD1;RNPS1;SLC9A3R2;TSC2	5	1	1	2	0	2	18	8	0.29591046	mixed_trait_axis;systemic_non_neural	moderate_0.2_0.5	core_exact_n10	False
16:47000000	2	ITFG1;PHKB	2	0	2	2	0	2	12	8	0.21559883000000002	mixed_trait_axis;neuro_systemic	hidden_lt0.2;moderate_0.2_0.5	core_exact_n10;lower_recurrence_exact	False
17:79000000	2	C1QTNF1;CANT1;ENGASE	3	1	1	2	0	2	15	8	0.27252137499999995	mixed_trait_axis;systemic_non_neural	moderate_0.2_0.5	core_exact_n10	False
4:84500000	2	CDS1;WDFY3	2	1	1	2	0	2	15	8	0.222529645	mixed_trait_axis;systemic_other	hidden_lt0.2;moderate_0.2_0.5	core_exact_n10	False
4:98500000	2	ADH5;EIF4E	2	0	2	2	0	2	20	8	0.28250438	systemic_non_neural	hidden_lt0.2;moderate_0.2_0.5	core_exact_n10	False
5:132000000	2	FNIP1;MEIKIN;RAPGEF6	3	0	2	2	0	2	13	8	0.153208825	neuro_systemic	hidden_lt0.2	core_exact_n10	False
5:142000000	2	GNPDA1;RNF14	2	0	2	2	0	2	12	8	0.26618003999999995	neuro_systemic	moderate_0.2_0.5	core_exact_n10;lower_recurrence_exact	False
7:103000000	2	ARMC10;NAPEPLD	2	1	1	2	0	2	12	8	0.27955655	systemic_non_neural;systemic_other	moderate_0.2_0.5	core_exact_n10;lower_recurrence_exact	False
7:141500000	2	AGK;SSBP1	2	1	1	2	0	2	14	8	0.29008519	neuro_systemic	moderate_0.2_0.5	core_exact_n10	False
17:67500000	1	BPTF;KPNA2	2	0	1	1	0	1	19	8	0.2459374	systemic_non_neural	moderate_0.2_0.5	core_exact_n10	False
1:53500000	1	HSPB11;LRRC42	2	0	1	1	0	1	15	8	0.32206914	systemic_non_neural	moderate_0.2_0.5	core_exact_n10	False
2:241500000	1	ATG4B;DTYMK;ING5	3	0	1	1	0	1	15	8	0.28043252	mixed_trait_axis	moderate_0.2_0.5	core_exact_n10	False
3:94000000	1	DHFR2;PROS1	2	0	1	1	0	1	12	8	0.17079283	neuro_systemic	hidden_lt0.2	core_exact_n10	False
9:127000000	1	GARNL3;RALGPS1;SLC2A8;ZNF79	4	0	1	1	0	1	9	8	0.20654325	neuro_systemic	moderate_0.2_0.5	lower_recurrence_exact	False
12:56000000	6	ANKRD52;CNPY2;COQ10A;CS;IKZF4;MYL6;SMARCC2;SUOX	8	2	4	6	0	6	14	7	0.29913302500000005	neural_enriched;systemic_non_neural;systemic_other	moderate_0.2_0.5	core_exact_n10;lower_recurrence_exact	False
3:197500000	6	FYTTD1;LRCH3;RUBCN	3	3	3	6	0	6	14	7	0.24697795	systemic_non_neural;systemic_other	moderate_0.2_0.5	core_exact_n10;lower_recurrence_exact	False
6:3000000	6	NQO2;PSMG4;RIPK1;TUBB2A;TUBB2B	5	4	2	6	0	6	16	7	0.267685385	neural_enriched;systemic_non_neural	moderate_0.2_0.5	core_exact_n10;lower_recurrence_exact	False
12:6500000	5	ATN1;C12ORF57;CD4;CDCA3;EMG1;ENO2;LPAR5;LPCAT3;LRRC23;PHB2;SPSB2;TPI1	12	2	3	5	0	5	17	7	0.26193017	mixed_trait_axis;systemic_non_neural;systemic_other	hidden_lt0.2;moderate_0.2_0.5	core_exact_n10;lower_recurrence_exact	False
1:24500000	5	CLIC4;SRRM1	2	5	0	5	0	5	17	7	0.25679725	neural_enriched;systemic_non_neural	moderate_0.2_0.5	core_exact_n10;lower_recurrence_exact	False
10:133000000	4	ADAM8;ECHS1;MTG1;PAOX;PRAP1;TUBGCP2	6	1	3	4	0	4	16	7	0.283330965	neural_enriched;systemic_non_neural	moderate_0.2_0.5	core_exact_n10;lower_recurrence_exact	False
11:45500000	4	LARGE2;PHF21A	2	2	2	4	0	4	19	7	0.30499376	neural_enriched;systemic_non_neural	moderate_0.2_0.5	core_exact_n10;lower_recurrence_exact	False
1:215500000	4	KCNK2;KCTD3	2	3	1	4	0	4	15	7	0.340766215	mixed_trait_axis;neural_enriched;neuro_systemic;systemic_other	moderate_0.2_0.5	core_exact_n10;lower_recurrence_exact	False
2:74500000	4	LBX2;TTC31;WBP1	3	3	1	4	0	4	31	7	0.25545888	mixed_trait_axis;neural_enriched;neuro_systemic	moderate_0.2_0.5	core_exact_n10;lower_recurrence_exact	False
8:47500000	4	PRKDC;SPIDR	2	4	0	4	0	4	9	7	0.24676979999999998	neuro_systemic;systemic_non_neural	moderate_0.2_0.5	lower_recurrence_exact	False
11:10500000	3	EIF4G2;ZBED5	2	2	1	3	0	3	17	7	0.25686413	systemic_non_neural	moderate_0.2_0.5	core_exact_n10	False
11:125500000	3	CHEK1;DDX25;EI24;FEZ1	4	0	3	3	0	3	12	7	0.26398617	mixed_trait_axis;neural_enriched;neuro_systemic	moderate_0.2_0.5	core_exact_n10;lower_recurrence_exact	False
11:71500000	3	ANAPC15;INPPL1;NADSYN1;NUMA1	4	2	1	3	0	3	21	7	0.32443696	mixed_trait_axis;systemic_non_neural;systemic_other	moderate_0.2_0.5	core_exact_n10;lower_recurrence_exact	False
16:46500000	3	DNAJA2;GPT2;ITFG1;PHKB	4	2	1	3	0	3	9	7	0.2144628	neuro_systemic;systemic_non_neural	moderate_0.2_0.5	lower_recurrence_exact	False
19:42000000	3	CEACAM1;CXCL17;LIPE;MEGF8;POU2F2	5	1	2	3	0	3	16	7	0.21591987	neural_enriched;systemic_non_neural	moderate_0.2_0.5	core_exact_n10;lower_recurrence_exact	False
1:23500000	3	CNR2;LUZP1	2	3	0	3	0	3	10	7	0.20024188	neuro_systemic;systemic_non_neural;systemic_other	hidden_lt0.2;moderate_0.2_0.5	core_exact_n10;lower_recurrence_exact	False
1:37000000	3	DNALI1;MEAF6;SNIP1;ZC3H12A	4	0	3	3	0	3	16	7	0.21339448	neuro_systemic;systemic_non_neural;systemic_other	moderate_0.2_0.5	core_exact_n10;lower_recurrence_exact	False
2:210000000	3	KANSL1L;LANCL1	2	3	0	3	0	3	12	7	0.26884335	neural_enriched;neuro_systemic;systemic_non_neural	moderate_0.2_0.5	core_exact_n10;lower_recurrence_exact	False
12:50500000	2	DIP2B;SLC11A2	2	2	0	2	0	2	12	7	0.23592503999999997	systemic_non_neural;systemic_other	moderate_0.2_0.5	core_exact_n10	False
14:49500000	2	ARF6;KLHDC1;LRR1;VCPKMT	4	0	2	2	0	2	14	7	0.23827684500000001	systemic_non_neural	moderate_0.2_0.5	core_exact_n10;lower_recurrence_exact	False
15:34500000	2	GOLGA8A;GOLGA8B	2	1	1	2	0	2	15	7	0.21173111	neuro_systemic	moderate_0.2_0.5	core_exact_n10;lower_recurrence_exact	False
15:72000000	2	ARIH1;HEXA	2	2	0	2	0	2	13	7	0.2314314	systemic_non_neural	moderate_0.2_0.5	core_exact_n10;lower_recurrence_exact	False
15:83000000	2	BTBD1;C15ORF40;WHAMM	3	1	1	2	0	2	10	7	0.19638276500000001	neuro_systemic;systemic_non_neural	hidden_lt0.2;moderate_0.2_0.5	core_exact_n10;lower_recurrence_exact	False
16:29500000	2	INO80E;KCTD13;PAGR1	3	1	1	2	0	2	13	7	0.25211495500000003	mixed_trait_axis;neuro_systemic	moderate_0.2_0.5	core_exact_n10;lower_recurrence_exact	False
16:89000000	2	ANKRD11;SPG7	2	1	1	2	0	2	8	7	0.24047962	systemic_non_neural;systemic_other	moderate_0.2_0.5	lower_recurrence_exact	False
17:49500000	2	NGFR;TAC4	2	2	0	2	0	2	19	7	0.21443232	neural_enriched;systemic_non_neural	moderate_0.2_0.5	core_exact_n10;lower_recurrence_exact	False
19:10500000	2	C19ORF38;KRI1	2	1	1	2	0	2	17	7	0.25787677	systemic_non_neural	moderate_0.2_0.5	core_exact_n10;lower_recurrence_exact	False
1:207000000	2	CD55;PFKFB2	2	2	0	2	0	2	14	7	0.328320265	neural_enriched;neuro_systemic	moderate_0.2_0.5	core_exact_n10	False
21:39000000	2	HMGN1;PSMG1	2	1	1	2	0	2	11	7	0.186607565	systemic_non_neural;systemic_other	hidden_lt0.2	core_exact_n10	False
2:215000000	2	BARD1;FN1	2	2	0	2	0	2	10	7	0.22143544999999998	neuro_systemic	moderate_0.2_0.5	core_exact_n10;lower_recurrence_exact	False
5:141500000	2	PCDHGA2;PCDHGB5;PCDHGB6;PCDHGC3;PCDHGC5;RELL2	6	1	1	2	0	2	11	7	0.191047	neuro_systemic	hidden_lt0.2;moderate_0.2_0.5	core_exact_n10;lower_recurrence_exact	False
7:5500000	2	AIMP2;EIF2AK1;PMS2	3	0	2	2	0	2	12	7	0.25679779999999996	systemic_non_neural;systemic_other	moderate_0.2_0.5	core_exact_n10	False
8:67000000	2	ADHFE1;ARFGEF1	2	2	0	2	0	2	15	7	0.29582239499999996	neural_enriched;systemic_non_neural	moderate_0.2_0.5	core_exact_n10;lower_recurrence_exact	False
12:89000000	1	GALNT4;POC1B	2	0	1	1	0	1	12	7	0.24462157	systemic_non_neural	moderate_0.2_0.5	core_exact_n10	False
17:34500000	1	LIG3;RAD51D;RFFL	3	0	1	1	0	1	19	7	0.17307416	systemic_non_neural	hidden_lt0.2	core_exact_n10	False
20:2500000	1	MRPS26;PTPRA	2	0	1	1	0	1	20	7	0.29652452	systemic_non_neural	moderate_0.2_0.5	core_exact_n10	False
5:138000000	1	CDC23;CDC25C;FAM53C	3	0	1	1	0	1	10	7	0.14850534	mixed_trait_axis	hidden_lt0.2	core_exact_n10	False
7:27000000	1	HOXA1;SKAP2	2	0	1	1	0	1	18	7	0.17790943	neuro_systemic	hidden_lt0.2	core_exact_n10	False
9:36000000	1	CCDC107;GNE;RNF38	3	0	1	1	0	1	15	7	0.28472087	systemic_non_neural	moderate_0.2_0.5	core_exact_n10	False
3:129000000	11	CNBP;COPG1;EFCAB12;HMCES;ISY1;RAB43	6	6	5	11	0	11	15	6	0.33029747	systemic_non_neural;systemic_other	moderate_0.2_0.5	core_exact_n10;lower_recurrence_exact	False
2:177000000	6	AGPS;HNRNPA3;NFE2L2;TTC30A	4	2	4	6	0	6	12	6	0.20800399	neural_enriched;systemic_non_neural;systemic_other	hidden_lt0.2;moderate_0.2_0.5	core_exact_n10;lower_recurrence_exact	False
6:157000000	6	TMEM242;ZDHHC14	2	6	0	6	0	6	15	6	0.287041135	neuro_systemic;systemic_non_neural;systemic_other	moderate_0.2_0.5	core_exact_n10;lower_recurrence_exact	False
9:136500000	6	ABCA2;C8G;CCDC183;EDF1;FBXW5;FUT7;LCN10;LCN12;LCN15;LCN8;NOTCH1;PHPT1;RABL6;TMEM141	14	2	4	6	0	6	11	6	0.21740315999999998	systemic_non_neural;systemic_other	hidden_lt0.2;moderate_0.2_0.5	core_exact_n10;lower_recurrence_exact	False
11:61000000	5	DDB1;LRRC10B;PPP1R32;TMEM138;TMEM216	5	3	2	5	0	5	13	6	0.23883002	systemic_non_neural;systemic_other	hidden_lt0.2;moderate_0.2_0.5	core_exact_n10;lower_recurrence_exact	False
11:67000000	5	ANKRD13D;RHOD;SSH3	3	3	2	5	0	5	15	6	0.24388194	neural_enriched;neuro_systemic;systemic_non_neural	moderate_0.2_0.5	core_exact_n10;lower_recurrence_exact	False
7:143500000	5	TCAF1;ZYX	2	5	0	5	0	5	16	6	0.27487278	neuro_systemic;systemic_non_neural	moderate_0.2_0.5	core_exact_n10;lower_recurrence_exact	False
8:85500000	5	CA2;LRRCC1;WWP1	3	4	1	5	0	5	10	6	0.21850413	neuro_systemic;systemic_non_neural;systemic_other	moderate_0.2_0.5	core_exact_n10;lower_recurrence_exact	False
11:1500000	4	LSP1;SYT8;TNNT3	3	1	3	4	0	4	13	6	0.32149479999999997	neural_enriched;systemic_non_neural;systemic_other	moderate_0.2_0.5	core_exact_n10;lower_recurrence_exact	False
11:64500000	4	ARL2;CDC42BPG;EHD1;PPP2R5B;PYGM;RASGRP2;SNX15	7	1	3	4	0	4	11	6	0.250519545	neural_enriched;systemic_non_neural;systemic_other	moderate_0.2_0.5	core_exact_n10;lower_recurrence_exact	False
11:65000000	4	FAM89B;FRMD8;LTBP3;POLA2;SLC25A45	5	2	2	4	0	4	21	6	0.30467696499999997	systemic_non_neural	moderate_0.2_0.5	core_exact_n10;lower_recurrence_exact	False
11:65500000	4	BANF1;DRAP1;EIF1AD;FAM89B;LTBP3;SF3B2;SLC25A45	7	2	2	4	0	4	15	6	0.22581523	systemic_non_neural;systemic_other	moderate_0.2_0.5	core_exact_n10;lower_recurrence_exact	False
12:110000000	4	ANAPC7;ANKRD13A;ARPC3;ATP2A2;C12ORF76;FAM216A;GIT2;GPN3;IFT81;PPP1CC;PPTC7;RAD9B;VPS29	13	1	3	4	0	4	10	6	0.229356505	systemic_non_neural;systemic_other	moderate_0.2_0.5	core_exact_n10;lower_recurrence_exact	False
14:58000000	4	ARID4A;TOMM20L	2	4	0	4	0	4	16	6	0.373004855	systemic_non_neural	moderate_0.2_0.5	core_exact_n10;lower_recurrence_exact	False
15:44500000	4	PATL2;SORD;TRIM69	3	2	2	4	0	4	12	6	0.31490972	systemic_non_neural;systemic_other	moderate_0.2_0.5	core_exact_n10;lower_recurrence_exact	False
19:18000000	4	MAST3;PGPEP1;PIK3R2	3	3	1	4	0	4	14	6	0.24366757	neuro_systemic;systemic_non_neural;systemic_other	moderate_0.2_0.5	core_exact_n10;lower_recurrence_exact	False
19:47000000	4	ARHGAP35;BBC3;KPTN;NPAS1	4	3	1	4	0	4	10	6	0.21055461	neural_enriched;neuro_systemic;systemic_non_neural	hidden_lt0.2;moderate_0.2_0.5	core_exact_n10;lower_recurrence_exact	False
19:55000000	4	COX6B2;SSC5D;ZNF628	3	4	0	4	0	4	19	6	0.229982205	neuro_systemic;systemic_non_neural	moderate_0.2_0.5	core_exact_n10;lower_recurrence_exact	False
15:65000000	3	CILP;PARP16;PDCD7;RASL12;SLC51B	5	0	3	3	0	3	10	6	0.20285803	systemic_non_neural;systemic_other	hidden_lt0.2;moderate_0.2_0.5	core_exact_n10;lower_recurrence_exact	False
17:38500000	3	CISD3;PCGF2;PLXDC1	3	3	0	3	0	3	11	6	0.273299	neural_enriched;systemic_non_neural	moderate_0.2_0.5	core_exact_n10;lower_recurrence_exact	False
17:44500000	3	EFTUD2;GJC1	2	3	0	3	0	3	10	6	0.2637526	neuro_systemic;systemic_non_neural	moderate_0.2_0.5	core_exact_n10;lower_recurrence_exact	False
17:75000000	3	CASKIN2;LLGL2;MYO15B;TMEM94;TSEN54	5	0	3	3	0	3	11	6	0.20538901	neuro_systemic;systemic_non_neural	moderate_0.2_0.5	core_exact_n10;lower_recurrence_exact	False
19:17000000	3	BST2;TMEM221	2	3	0	3	0	3	9	6	0.20648578	systemic_non_neural	moderate_0.2_0.5	lower_recurrence_exact	False
1:151000000	3	CGN;PSMB4;PSMD4;ZNF687	4	2	1	3	0	3	12	6	0.23239449	systemic_non_neural;systemic_other	moderate_0.2_0.5	core_exact_n10;lower_recurrence_exact	False
2:202500000	3	CARF;FAM117B;NBEAL1;WDR12	4	1	2	3	0	3	11	6	0.24188016	systemic_non_neural	hidden_lt0.2;moderate_0.2_0.5	core_exact_n10;lower_recurrence_exact	False
2:95000000	3	FAHD2A;KCNIP3;MRPS5;PROM2;ZNF514	5	1	2	3	0	3	10	6	0.20913373	neural_enriched;systemic_non_neural;systemic_other	moderate_0.2_0.5	core_exact_n10;lower_recurrence_exact	False
3:149500000	3	PFN2;RNF13	2	3	0	3	0	3	12	6	0.23422605	systemic_non_neural	moderate_0.2_0.5	core_exact_n10;lower_recurrence_exact	False
7:102000000	3	LRWD1;PRKRIP1	2	1	2	3	0	3	12	6	0.24967447	neuro_systemic;systemic_non_neural	moderate_0.2_0.5	core_exact_n10;lower_recurrence_exact	False
8:144000000	3	ADCK5;CPSF1;EXOSC4;MROH1;PARP10;SLC52A2;VPS28	7	0	3	3	0	3	10	6	0.22152768	neural_enriched;systemic_non_neural;systemic_other	moderate_0.2_0.5	core_exact_n10;lower_recurrence_exact	False
8:43000000	3	FNTA;HGSNAT;POMK	3	2	1	3	0	3	6	6	0.21815073	neural_enriched;systemic_non_neural	moderate_0.2_0.5	lower_recurrence_exact	False
11:72000000	2	LRTOMT;NUMA1	2	1	1	2	0	2	16	6	0.355801805	neural_enriched;systemic_other	moderate_0.2_0.5	core_exact_n10;lower_recurrence_exact	False
12:48500000	2	ARF3;CCDC65;DDN;RND1	4	1	1	2	0	2	10	6	0.27499913	neural_enriched;systemic_non_neural	moderate_0.2_0.5	core_exact_n10;lower_recurrence_exact	False
14:24000000	2	CPNE6;DHRS4;IRF9;PCK2	4	1	1	2	0	2	8	6	0.22593337	systemic_non_neural;systemic_other	moderate_0.2_0.5	lower_recurrence_exact	False
15:75000000	2	MAN2C1;PPCDC;SIN3A	3	1	1	2	0	2	7	6	0.21388800000000002	systemic_non_neural	moderate_0.2_0.5	lower_recurrence_exact	False
16:57000000	2	CPNE2;RSPRY1	2	2	0	2	0	2	9	6	0.24262436	systemic_non_neural	moderate_0.2_0.5	lower_recurrence_exact	False
17:17500000	2	GID4;RAI1;TOM1L2	3	1	1	2	0	2	11	6	0.20552767	systemic_non_neural	hidden_lt0.2;moderate_0.2_0.5	core_exact_n10	False
1:156500000	2	INSRR;NTRK1	2	1	1	2	0	2	12	6	0.30773501000000003	neural_enriched;systemic_non_neural	moderate_0.2_0.5	core_exact_n10	False
1:161000000	2	F11R;FCGR2A;KLHDC9;NIT1;USF1	5	1	1	2	0	2	10	6	0.22185344	systemic_non_neural;systemic_other	moderate_0.2_0.5	core_exact_n10;lower_recurrence_exact	False
1:33000000	2	A3GALT2;PHC2;ZNF362	3	1	1	2	0	2	14	6	0.188966675	neural_enriched;neuro_systemic	hidden_lt0.2;moderate_0.2_0.5	core_exact_n10;lower_recurrence_exact	False
1:38000000	2	INPP5B;SF3A3	2	2	0	2	0	2	10	6	0.214229425	neural_enriched;systemic_non_neural	hidden_lt0.2;moderate_0.2_0.5	core_exact_n10;lower_recurrence_exact	False
20:36500000	2	DSN1;NDRG3;RBL1	3	1	1	2	0	2	10	6	0.28330173999999997	systemic_non_neural	moderate_0.2_0.5	core_exact_n10;lower_recurrence_exact	False
2:112000000	2	CHCHD5;POLR1B;ZC3H6;ZC3H8	4	1	1	2	0	2	8	6	0.221537005	systemic_non_neural;systemic_other	moderate_0.2_0.5	lower_recurrence_exact	False
2:174000000	2	SCRN3;SP3;WIPF1	3	1	1	2	0	2	10	6	0.185787455	neural_enriched;systemic_non_neural	hidden_lt0.2;moderate_0.2_0.5	core_exact_n10;lower_recurrence_exact	False
2:84000000	2	DNAH6;SUCLG1	2	1	1	2	0	2	12	6	0.19865281	systemic_non_neural	hidden_lt0.2;moderate_0.2_0.5	core_exact_n10;lower_recurrence_exact	False
3:47500000	2	CSPG5;DHX30;MAP4;NBEAL2;SCAP;SMARCC1;TMA7	7	1	1	2	0	2	13	6	0.20961741	systemic_non_neural	hidden_lt0.2;moderate_0.2_0.5	core_exact_n10;lower_recurrence_exact	False
5:83000000	2	TMEM167A;XRCC4	2	1	1	2	0	2	6	6	0.25781891	neuro_systemic;systemic_non_neural	moderate_0.2_0.5	lower_recurrence_exact	False
6:33000000	2	BAK1;DAXX;ZBTB22	3	1	1	2	0	2	7	6	0.31484572	systemic_non_neural	moderate_0.2_0.5	lower_recurrence_exact	False
7:73500000	2	ABHD11;CLDN3;CLDN4	3	0	2	2	0	2	10	6	0.209500715	systemic_non_neural	hidden_lt0.2;moderate_0.2_0.5	core_exact_n10;lower_recurrence_exact	False
7:74000000	2	GTF2IRD1;LAT2	2	2	0	2	0	2	12	6	0.265258835	systemic_non_neural	moderate_0.2_0.5	core_exact_n10;lower_recurrence_exact	False
8:124000000	2	TMEM65;TRMT12	2	2	0	2	0	2	9	6	0.218237265	systemic_non_neural	moderate_0.2_0.5	lower_recurrence_exact	False
8:144500000	2	CPSF1;PPP1R16A;ZNF517	3	1	1	2	0	2	12	6	0.24257719500000002	systemic_non_neural	moderate_0.2_0.5	core_exact_n10;lower_recurrence_exact	False
8:22000000	2	BMP1;PPP3CC	2	2	0	2	0	2	12	6	0.272124295	systemic_non_neural	hidden_lt0.2;moderate_0.2_0.5	core_exact_n10	False
13:52000000	1	CKAP2;VPS36	2	0	1	1	0	1	25	6	0.4368399	neural_enriched	moderate_0.2_0.5	core_exact_n10	False
15:80000000	1	FAH;ZFAND6	2	0	1	1	0	1	10	6	0.20586456	neural_enriched	moderate_0.2_0.5	core_exact_n10	False
18:23500000	1	LAMA3;TTC39C	2	0	1	1	0	1	13	6	0.2630888	neural_enriched	moderate_0.2_0.5	core_exact_n10	False
19:12500000	1	FARSA;HOOK2;MAST1	3	0	1	1	0	1	14	6	0.22567044	systemic_non_neural	moderate_0.2_0.5	core_exact_n10	False
19:36000000	1	ZNF260;ZNF567	2	0	1	1	0	1	11	6	0.4349079	neural_enriched	moderate_0.2_0.5	core_exact_n10	False
1:101000000	1	EXTL2;SLC30A7	2	0	1	1	0	1	9	6	0.31614304	neuro_systemic	moderate_0.2_0.5	lower_recurrence_exact	False
3:112000000	1	GCSAM;SLC9C1	2	0	1	1	0	1	10	6	0.16574907	systemic_non_neural	hidden_lt0.2	core_exact_n10	False
4:139000000	1	ELF2;SETD7	2	0	1	1	0	1	6	6	0.21131983	neuro_systemic	moderate_0.2_0.5	lower_recurrence_exact	False
5:34500000	1	DNAJC21;RAD1	2	0	1	1	0	1	11	6	0.20165749	systemic_non_neural	moderate_0.2_0.5	core_exact_n10	False
6:110500000	1	CDK19;GTF3C6	2	0	1	1	0	1	7	6	0.2762611	systemic_non_neural	moderate_0.2_0.5	lower_recurrence_exact	False
7:6000000	1	AIMP2;EIF2AK1;PMS2	3	0	1	1	0	1	13	6	0.3111871	neuro_systemic	moderate_0.2_0.5	core_exact_n10	False
19:8000000	5	CERS4;HNRNPM;PRAM1;RAB11B	4	5	0	5	0	5	14	5	0.23421906	systemic_non_neural	moderate_0.2_0.5	core_exact_n10;lower_recurrence_exact	False
15:31000000	4	KLF13;OTUD7A	2	4	0	4	0	4	8	5	0.202315665	neuro_systemic;systemic_non_neural	moderate_0.2_0.5	lower_recurrence_exact	False
16:69000000	4	CHTF8;PDF;SNTB2;TERF2;VPS4A	5	2	2	4	0	4	10	5	0.210668705	neural_enriched;neuro_systemic;systemic_non_neural	moderate_0.2_0.5	core_exact_n10;lower_recurrence_exact	False
17:31000000	4	NF1;RAB11FIP4	2	4	0	4	0	4	14	5	0.20076196000000002	neural_enriched;neuro_systemic;systemic_non_neural;systemic_other	hidden_lt0.2;moderate_0.2_0.5	core_exact_n10;lower_recurrence_exact	False
17:7000000	4	CHRNB1;CYB5D1;FGF11;POLR2A;SENP3;TMEM102;TNFSF12;TNFSF13;ZBTB4	9	0	4	4	0	4	10	5	0.23773281	neural_enriched;systemic_non_neural	moderate_0.2_0.5	core_exact_n10;lower_recurrence_exact	False
19:46500000	4	ARHGAP35;DACT3;FKRP;PRKD2	4	4	0	4	0	4	7	5	0.23843307	neural_enriched;systemic_non_neural;systemic_other	moderate_0.2_0.5	lower_recurrence_exact	False
1:145500000	4	ANKRD34A;CD160;LIX1L;NUDT17;PIAS3;POLR3C;POLR3GL;RBM8A;RNF115	9	0	4	4	0	4	9	5	0.260389745	neural_enriched;neuro_systemic;systemic_other	moderate_0.2_0.5	lower_recurrence_exact	False
12:120000000	3	BICDL1;COQ5;DYNLL1;GATC;POP5;RNF10	6	2	1	3	0	3	15	5	0.21099102	neural_enriched;neuro_systemic;systemic_non_neural	moderate_0.2_0.5	core_exact_n10;lower_recurrence_exact	False
14:23000000	3	AJUBA;BCL2L2;HAUS4;PRMT5;PSMB11;PSMB5;RBM23	7	1	2	3	0	3	11	5	0.22008522	neural_enriched;neuro_systemic;systemic_other	moderate_0.2_0.5	core_exact_n10;lower_recurrence_exact	False
14:31000000	3	DTD2;HEATR5A	2	1	2	3	0	3	15	5	0.25703618	systemic_non_neural;systemic_other	moderate_0.2_0.5	core_exact_n10;lower_recurrence_exact	False
14:61500000	3	HIF1A;SNAPC1	2	3	0	3	0	3	11	5	0.22211558	neuro_systemic;systemic_other	hidden_lt0.2;moderate_0.2_0.5	core_exact_n10;lower_recurrence_exact	False
15:42000000	3	CAPN3;GANC;HAUS2;LRRC57;SNAP23;STARD9;TMEM87A	7	0	3	3	0	3	9	5	0.21034333	systemic_non_neural	moderate_0.2_0.5	lower_recurrence_exact	False
16:30000000	3	CD2BP2;CORO1A;GDPD3;ITGAL;MYLPF;SEPHS2;TBC1D10B;TBX6;YPEL3;ZNF771	10	0	3	3	0	3	13	5	0.30197057	neural_enriched;systemic_non_neural;systemic_other	moderate_0.2_0.5	core_exact_n10;lower_recurrence_exact	False
19:1000000	3	CIRBP;SBNO2	2	3	0	3	0	3	10	5	0.2997818	neural_enriched;systemic_non_neural	moderate_0.2_0.5	core_exact_n10;lower_recurrence_exact	False
1:109500000	3	ATXN7L2;GSTM1;GSTM3;GSTM4;GSTM5	5	2	1	3	0	3	10	5	0.2569328	neural_enriched;systemic_non_neural	moderate_0.2_0.5	core_exact_n10;lower_recurrence_exact	False
22:37500000	3	GCAT;SH3BP1	2	2	1	3	0	3	9	5	0.21563019	systemic_non_neural	moderate_0.2_0.5	lower_recurrence_exact	False
5:500000	3	TPPP;ZDHHC11	2	2	1	3	0	3	10	5	0.34475368	systemic_non_neural	moderate_0.2_0.5	core_exact_n10;lower_recurrence_exact	False
5:69000000	3	CCDC125;CDK7;MARVELD2;OCLN	4	1	2	3	0	3	9	5	0.25056735	systemic_non_neural	moderate_0.2_0.5	lower_recurrence_exact	False
7:2000000	3	CHST12;LFNG;MRM2;NUDT1	4	2	1	3	0	3	9	5	0.21721323	neural_enriched;systemic_non_neural	moderate_0.2_0.5	lower_recurrence_exact	False
7:44500000	3	CCM2;DDX56;MYO1G;NACAD;TBRG4;ZMIZ2	6	0	3	3	0	3	12	5	0.20764424	systemic_non_neural	moderate_0.2_0.5	core_exact_n10;lower_recurrence_exact	False
9:127500000	3	DPM2;FAM102A;PIP5KL1	3	1	2	3	0	3	6	5	0.21895294	systemic_non_neural;systemic_other	moderate_0.2_0.5	lower_recurrence_exact	False
9:129500000	3	FNBP1;NTMT1	2	3	0	3	0	3	12	5	0.28229955	systemic_non_neural	moderate_0.2_0.5	core_exact_n10;lower_recurrence_exact	False
10:101500000	2	CUEDC2;FBXW4;FGF8;HPS6;KCNIP2;NPM3	6	0	2	2	0	2	9	5	0.239189535	systemic_non_neural	moderate_0.2_0.5	lower_recurrence_exact	False
10:119000000	2	GRK5;SFXN4	2	2	0	2	0	2	8	5	0.240212545	neuro_systemic;systemic_non_neural	moderate_0.2_0.5	lower_recurrence_exact	False
10:121500000	2	ATE1;FGFR2	2	2	0	2	0	2	15	5	0.220441915	neural_enriched;neuro_systemic	hidden_lt0.2;moderate_0.2_0.5	core_exact_n10	False
11:111500000	2	C11ORF1;C11ORF52;DIXDC1;DLAT;FDXACB1;HSPB2	6	0	2	2	0	2	9	5	0.21797434999999998	systemic_non_neural;systemic_other	moderate_0.2_0.5	lower_recurrence_exact	False
11:61500000	2	PPP1R32;SYT7	2	2	0	2	0	2	6	5	0.26411375000000004	neuro_systemic;systemic_non_neural	moderate_0.2_0.5	lower_recurrence_exact	False
11:66000000	2	BRMS1;RIN1;SLC29A2	3	0	2	2	0	2	12	5	0.26198067	systemic_non_neural	moderate_0.2_0.5	core_exact_n10;lower_recurrence_exact	False
12:53000000	2	CSAD;MAP3K12	2	2	0	2	0	2	11	5	0.22759585	systemic_non_neural;systemic_other	moderate_0.2_0.5	core_exact_n10;lower_recurrence_exact	False
14:75500000	2	FLVCR2;TGFB3	2	1	1	2	0	2	13	5	0.31641915	neural_enriched;systemic_non_neural	hidden_lt0.2;moderate_0.2_0.5	core_exact_n10	False
15:55000000	2	C15ORF65;CCPG1	2	1	1	2	0	2	9	5	0.22204099	systemic_non_neural;systemic_other	moderate_0.2_0.5	lower_recurrence_exact	False
19:11000000	2	PRKCSH;RGL3	2	1	1	2	0	2	9	5	0.257524195	neuro_systemic;systemic_non_neural	moderate_0.2_0.5	lower_recurrence_exact	False
1:1500000	2	GNB1;NADK	2	2	0	2	0	2	7	5	0.23414825	systemic_non_neural	moderate_0.2_0.5	lower_recurrence_exact	False
1:27000000	2	MAP3K6;SLC9A1;TMEM222;WDTC1	4	1	1	2	0	2	8	5	0.26622861000000003	systemic_non_neural	moderate_0.2_0.5	lower_recurrence_exact	False
1:3000000	2	ARHGEF16;MEGF6	2	1	1	2	0	2	12	5	0.251902445	systemic_other	moderate_0.2_0.5	core_exact_n10;lower_recurrence_exact	False
1:32500000	2	RNF19B;S100PBP;SYNC;ZBTB8OS	4	0	2	2	0	2	8	5	0.24063209	systemic_non_neural	moderate_0.2_0.5	lower_recurrence_exact	False
1:42500000	2	ERMAP;P3H1;PPIH;SVBP	4	0	2	2	0	2	6	5	0.234122805	systemic_non_neural;systemic_other	moderate_0.2_0.5	lower_recurrence_exact	False
2:134500000	2	MCM6;TMEM163;UBXN4	3	1	1	2	0	2	10	5	0.21260769499999999	neural_enriched;neuro_systemic	hidden_lt0.2;moderate_0.2_0.5	core_exact_n10;lower_recurrence_exact	False
3:130500000	2	ATP2C1;MRPL3	2	0	2	2	0	2	11	5	0.25026312	systemic_non_neural	moderate_0.2_0.5	core_exact_n10;lower_recurrence_exact	False
4:107500000	2	CYP2U1;SGMS2	2	2	0	2	0	2	8	5	0.242733225	systemic_non_neural;systemic_other	moderate_0.2_0.5	lower_recurrence_exact	False
4:1500000	2	FAM53A;NELFA	2	2	0	2	0	2	16	5	0.23743974	neural_enriched;systemic_non_neural	moderate_0.2_0.5	core_exact_n10;lower_recurrence_exact	False
5:154500000	2	CNOT8;FAXDC2;LARP1	3	1	1	2	0	2	11	5	0.27586487000000004	neural_enriched;systemic_non_neural	moderate_0.2_0.5	core_exact_n10;lower_recurrence_exact	False
7:4500000	2	FOXK1;RBAK	2	2	0	2	0	2	11	5	0.26743058	systemic_non_neural;systemic_other	moderate_0.2_0.5	core_exact_n10;lower_recurrence_exact	False
8:143000000	2	RHPN1;TOP1MT	2	2	0	2	0	2	11	5	0.24151035	systemic_non_neural	moderate_0.2_0.5	core_exact_n10;lower_recurrence_exact	False
8:29000000	2	DCTN6;KIF13B	2	2	0	2	0	2	9	5	0.246753895	neural_enriched;systemic_other	moderate_0.2_0.5	lower_recurrence_exact	False
9:125000000	2	GOLGA1;PBX3	2	1	1	2	0	2	8	5	0.24612952	systemic_non_neural;systemic_other	moderate_0.2_0.5	lower_recurrence_exact	False
9:128500000	2	ENDOG;ODF2	2	2	0	2	0	2	11	5	0.379935175	systemic_non_neural	moderate_0.2_0.5	core_exact_n10;lower_recurrence_exact	False
11:108000000	1	ATM;C11ORF65;NPAT	3	0	1	1	0	1	7	5	0.2075518	systemic_non_neural	moderate_0.2_0.5	lower_recurrence_exact	False
12:118000000	1	SUDS3;VSIG10	2	0	1	1	0	1	6	5	0.22067742	neuro_systemic	moderate_0.2_0.5	lower_recurrence_exact	False
12:122000000	1	B3GNT4;DIABLO;VPS33A	3	0	1	1	0	1	12	5	0.2698536	neural_enriched	moderate_0.2_0.5	core_exact_n10	False
15:43500000	1	HYPK;PDIA3;SERF2;ZSCAN29	4	0	1	1	0	1	13	5	0.19473359	systemic_non_neural	hidden_lt0.2	core_exact_n10	False
15:66500000	1	DIS3L;MAP2K1	2	0	1	1	0	1	6	5	0.34087244	neuro_systemic	moderate_0.2_0.5	lower_recurrence_exact	False
16:500000	1	MSLN;MSLNL	2	0	1	1	0	1	7	5	0.4742538	systemic_non_neural	moderate_0.2_0.5	lower_recurrence_exact	False
16:80500000	1	ATMIN;C16ORF46;CENPN;CMC2	4	0	1	1	0	1	12	5	0.21336487	systemic_non_neural	moderate_0.2_0.5	core_exact_n10	False
17:30000000	1	CORO6;EFCAB5;SSH2	3	0	1	1	0	1	11	5	0.26948318	neuro_systemic	moderate_0.2_0.5	core_exact_n10	False
18:23000000	1	NPC1;RBBP8	2	0	1	1	0	1	9	5	0.39601558	systemic_non_neural	moderate_0.2_0.5	lower_recurrence_exact	False
19:13500000	1	DCAF15;IL27RA	2	0	1	1	0	1	11	5	0.21533835	systemic_non_neural	moderate_0.2_0.5	core_exact_n10	False
19:38500000	1	CAPN12;LGALS4	2	0	1	1	0	1	10	5	0.25513914	systemic_other	moderate_0.2_0.5	core_exact_n10	False
19:44000000	1	ZNF155;ZNF223;ZNF227;ZNF284	4	0	1	1	0	1	10	5	0.22555488	neural_enriched	moderate_0.2_0.5	core_exact_n10	False
1:11500000	1	MFN2;MIIP	2	0	1	1	0	1	10	5	0.16618136	systemic_other	hidden_lt0.2	core_exact_n10	False
1:206500000	1	EIF2D;RASSF5	2	0	1	1	0	1	10	5	0.16151658	neural_enriched	hidden_lt0.2	core_exact_n10	False
1:9500000	1	LZIC;NMNAT1;RBP7;UBE4B	4	0	1	1	0	1	8	5	0.20305653	systemic_non_neural	moderate_0.2_0.5	lower_recurrence_exact	False
22:38000000	1	CSNK1E;DMC1	2	0	1	1	0	1	9	5	0.2216899	neuro_systemic	moderate_0.2_0.5	lower_recurrence_exact	False
22:42500000	1	POLDIP3;RRP7A;SERHL2	3	0	1	1	0	1	5	5	0.20751545	neuro_systemic	moderate_0.2_0.5	lower_recurrence_exact	False
3:113000000	1	GTPBP8;NEPRO	2	0	1	1	0	1	13	5	0.20893683	neural_enriched	moderate_0.2_0.5	core_exact_n10	False
4:25000000	1	PI4K2B;ZCCHC4	2	0	1	1	0	1	10	5	0.24058484	neural_enriched	moderate_0.2_0.5	core_exact_n10	False
4:48000000	1	SLAIN2;TEC	2	0	1	1	0	1	9	5	0.3922607	neuro_systemic	moderate_0.2_0.5	lower_recurrence_exact	False
4:48500000	1	NFXL1;SLAIN2	2	0	1	1	0	1	11	5	0.36897302	systemic_other	moderate_0.2_0.5	core_exact_n10	False
4:76000000	1	FAM47E;SCARB2;SHROOM3;STBD1	4	0	1	1	0	1	10	5	0.21426542	neural_enriched	moderate_0.2_0.5	core_exact_n10	False
5:177500000	1	PDLIM7;TMED9	2	0	1	1	0	1	6	5	0.20047268	neuro_systemic	moderate_0.2_0.5	lower_recurrence_exact	False
7:100000000	1	TRIM4;ZKSCAN1;ZNF3	3	0	1	1	0	1	7	5	0.22891818	neuro_systemic	moderate_0.2_0.5	lower_recurrence_exact	False
9:35500000	1	GBA2;SPAAR;SPAG8;TMEM8B	4	0	1	1	0	1	8	5	0.20118245	systemic_non_neural	moderate_0.2_0.5	lower_recurrence_exact	False
5:134000000	5	PPP2CA;SKP1;UBE2B	3	1	4	5	0	5	10	4	0.22371058	neural_enriched;systemic_non_neural;systemic_other	moderate_0.2_0.5	core_exact_n10;lower_recurrence_exact	False
12:104000000	4	EID3;NFYB;TXNRD1	3	1	3	4	0	4	13	4	0.311437455	neural_enriched;systemic_other	moderate_0.2_0.5	core_exact_n10	False
22:37000000	4	CARD10;MFNG	2	4	0	4	0	4	10	4	0.29721858999999995	systemic_non_neural;systemic_other	moderate_0.2_0.5	core_exact_n10;lower_recurrence_exact	False
10:117000000	3	EMX2;ENO4;HSPA12A;SHTN1	4	2	1	3	0	3	10	4	0.21238507	neural_enriched;systemic_non_neural;systemic_other	moderate_0.2_0.5	core_exact_n10;lower_recurrence_exact	False
11:68000000	3	C11ORF24;NDUFS8;TCIRG1	3	2	1	3	0	3	7	4	0.23130344	neural_enriched;neuro_systemic;systemic_non_neural	moderate_0.2_0.5	lower_recurrence_exact	False
12:113000000	3	IQCD;PLBD2;RITA1;SLC8B1;TPCN1	5	1	2	3	0	3	5	4	0.24541774	systemic_non_neural;systemic_other	moderate_0.2_0.5	lower_recurrence_exact	False
14:35000000	3	FAM177A1;PPP2R3C;PSMA6;SRP54	4	2	1	3	0	3	10	4	0.23529042	neuro_systemic;systemic_other	moderate_0.2_0.5	core_exact_n10;lower_recurrence_exact	False
17:36000000	3	DHRS11;GGNBP2;MRM1;MYO19;PIGW;ZNHIT3	6	1	2	3	0	3	14	4	0.24511981	systemic_other	moderate_0.2_0.5	core_exact_n10;lower_recurrence_exact	False
17:64000000	3	CEP95;MILR1;SMURF2	3	0	3	3	0	3	7	4	0.20777088	systemic_non_neural	moderate_0.2_0.5	lower_recurrence_exact	False
19:500000	3	ARID3A;BSG;CDC34	3	1	2	3	0	3	8	4	0.33651093	neural_enriched;systemic_non_neural	moderate_0.2_0.5	lower_recurrence_exact	False
1:224000000	3	CAPN2;NVL;WDR26	3	3	0	3	0	3	6	4	0.208028	systemic_non_neural	moderate_0.2_0.5	lower_recurrence_exact	False
2:218000000	3	ARPC2;CATIP;PNKD;TMBIM1	4	1	2	3	0	3	5	4	0.20992468	neural_enriched;neuro_systemic;systemic_non_neural	moderate_0.2_0.5	lower_recurrence_exact	False
4:185000000	3	CFAP97;LRP2BP;SLC25A4;SNX25	4	1	2	3	0	3	12	4	0.40296802	neuro_systemic;systemic_other	moderate_0.2_0.5	core_exact_n10;lower_recurrence_exact	False
5:179500000	3	CANX;MAML1;MGAT4B;RUFY1;TBC1D9B	5	1	2	3	0	3	9	4	0.22083534	systemic_non_neural;systemic_other	moderate_0.2_0.5	lower_recurrence_exact	False
6:157500000	3	SYNJ2;ZDHHC14	2	3	0	3	0	3	7	4	0.32363322	systemic_non_neural;systemic_other	moderate_0.2_0.5	lower_recurrence_exact	False
7:55500000	3	CHCHD2;SUMF2	2	3	0	3	0	3	7	4	0.38983133	systemic_non_neural;systemic_other	moderate_0.2_0.5	lower_recurrence_exact	False
9:71500000	3	ABHD17B;C9ORF85	2	0	3	3	0	3	11	4	0.22016281	systemic_non_neural;systemic_other	hidden_lt0.2;moderate_0.2_0.5	core_exact_n10;lower_recurrence_exact	False
9:77500000	3	GNA14;GNAQ	2	3	0	3	0	3	7	4	0.22684512	systemic_non_neural	moderate_0.2_0.5	lower_recurrence_exact	False
10:99500000	2	COX15;ENTPD7	2	2	0	2	0	2	13	4	0.21901521	systemic_non_neural;systemic_other	hidden_lt0.2;moderate_0.2_0.5	core_exact_n10;lower_recurrence_exact	False
11:0	2	ANO9;PTDSS2;RNH1	3	1	1	2	0	2	7	4	0.271183085	systemic_non_neural	moderate_0.2_0.5	lower_recurrence_exact	False
12:109500000	2	GLTP;PPP1CC;PPTC7	3	1	1	2	0	2	5	4	0.213961985	systemic_non_neural	moderate_0.2_0.5	lower_recurrence_exact	False
12:68500000	2	MDM2;NUP107;RAP1B;SLC35E3	4	0	2	2	0	2	7	4	0.24002782499999997	neural_enriched;neuro_systemic	moderate_0.2_0.5	lower_recurrence_exact	False
13:51500000	2	ATP7B;NEK5	2	1	1	2	0	2	6	4	0.20406845	systemic_non_neural	moderate_0.2_0.5	lower_recurrence_exact	False
15:43000000	2	ADAL;CCNDBP1;CDAN1;TP53BP1;TTBK2;UBR1	6	0	2	2	0	2	5	4	0.23602378499999999	neuro_systemic;systemic_other	moderate_0.2_0.5	lower_recurrence_exact	False
16:53000000	2	CHD9;RBL2	2	2	0	2	0	2	4	4	0.220982275	systemic_non_neural;systemic_other	moderate_0.2_0.5	lower_recurrence_exact	False
17:32000000	2	CDK5R1;MYO1D;PSMD11	3	1	1	2	0	2	11	4	0.259475875	systemic_non_neural;systemic_other	moderate_0.2_0.5	core_exact_n10;lower_recurrence_exact	False
17:40000000	2	RARA;TNS4	2	2	0	2	0	2	9	4	0.298215275	systemic_non_neural	moderate_0.2_0.5	lower_recurrence_exact	False
17:82000000	2	FOXK2;NARF;OGFOD3	3	0	2	2	0	2	7	4	0.21300814499999998	systemic_non_neural	moderate_0.2_0.5	lower_recurrence_exact	False
19:14000000	2	GIPC1;IL27RA;MISP3	3	1	1	2	0	2	7	4	0.33279207	neuro_systemic	moderate_0.2_0.5	lower_recurrence_exact	False
1:112500000	2	LRIG2;SLC16A1	2	1	1	2	0	2	13	4	0.242959155	systemic_non_neural;systemic_other	moderate_0.2_0.5	core_exact_n10;lower_recurrence_exact	False
1:151500000	2	S100A11;TDRKH;THEM4;TUFT1	4	1	1	2	0	2	7	4	0.25294778	systemic_non_neural;systemic_other	moderate_0.2_0.5	lower_recurrence_exact	False
1:202500000	2	KDM5B;KLHL12	2	2	0	2	0	2	5	4	0.246117965	neural_enriched;neuro_systemic	moderate_0.2_0.5	lower_recurrence_exact	False
1:227500000	2	ARF1;MRPL55;OBSCN	3	0	2	2	0	2	6	4	0.24318348	neuro_systemic;systemic_other	moderate_0.2_0.5	lower_recurrence_exact	False
1:51000000	2	CDKN2C;EPS15;RNF11	3	1	1	2	0	2	9	4	0.233716135	systemic_non_neural;systemic_other	moderate_0.2_0.5	lower_recurrence_exact	False
1:87000000	2	HS2ST1;SELENOF;SH3GLB1	3	1	1	2	0	2	12	4	0.26946263	neural_enriched;systemic_non_neural	moderate_0.2_0.5	core_exact_n10;lower_recurrence_exact	False
20:47500000	2	NCOA3;SULF2	2	2	0	2	0	2	6	4	0.229489745	neuro_systemic;systemic_other	moderate_0.2_0.5	lower_recurrence_exact	False
22:23500000	2	CABIN1;SLC2A11	2	2	0	2	0	2	6	4	0.22517498	systemic_non_neural;systemic_other	moderate_0.2_0.5	lower_recurrence_exact	False
3:37000000	2	EPM2AIP1;LRRFIP2;MLH1	3	0	2	2	0	2	5	4	0.27768992000000003	systemic_other	moderate_0.2_0.5	lower_recurrence_exact	False
3:44000000	2	KIAA1143;KIF15;TCAIM;ZNF197;ZNF445;ZNF502;ZNF660;ZNF852	8	1	1	2	0	2	9	4	0.23122589500000001	systemic_non_neural	moderate_0.2_0.5	lower_recurrence_exact	False
4:139500000	2	RAB33B;SETD7	2	1	1	2	0	2	7	4	0.230984535	systemic_non_neural	moderate_0.2_0.5	lower_recurrence_exact	False
4:47500000	2	ATP10D;CNGA1;CORIN;NFXL1;NIPAL1;SLAIN2	6	0	2	2	0	2	10	4	0.27923541	neural_enriched;neuro_systemic	moderate_0.2_0.5	core_exact_n10;lower_recurrence_exact	False
4:70500000	2	DCK;MOB1B;RUFY3	3	0	2	2	0	2	6	4	0.241795485	systemic_non_neural;systemic_other	moderate_0.2_0.5	lower_recurrence_exact	False
6:158500000	2	EZR;TMEM181	2	2	0	2	0	2	6	4	0.23259706	neural_enriched;neuro_systemic	moderate_0.2_0.5	lower_recurrence_exact	False
6:43500000	2	MRPS18A;POLH;POLR1C;TJAP1	4	0	2	2	0	2	6	4	0.2050372	neuro_systemic	moderate_0.2_0.5	lower_recurrence_exact	False
8:66500000	2	ADHFE1;MYBL1	2	2	0	2	0	2	11	4	0.35156277	neural_enriched	moderate_0.2_0.5	core_exact_n10;lower_recurrence_exact	False
9:112500000	2	INIP;SNX30	2	1	1	2	0	2	11	4	0.37926122500000004	neural_enriched;systemic_non_neural	moderate_0.2_0.5	core_exact_n10;lower_recurrence_exact	False
9:33000000	2	BAG1;NOL6	2	2	0	2	0	2	9	4	0.250266745	systemic_non_neural;systemic_other	moderate_0.2_0.5	lower_recurrence_exact	False
10:102000000	1	CNNM2;CUEDC2;MFSD13A;PSD;SFXN2	5	0	1	1	0	1	5	4	0.24321872	neuro_systemic	moderate_0.2_0.5	lower_recurrence_exact	False
10:71000000	1	CDH23;SLC29A3	2	0	1	1	0	1	7	4	0.292292	systemic_non_neural	moderate_0.2_0.5	lower_recurrence_exact	False
10:97000000	1	FRAT1;RRP12	2	0	1	1	0	1	10	4	0.24824248	systemic_other	moderate_0.2_0.5	core_exact_n10	False
11:110000000	1	FDX1;ZC3H12C	2	0	1	1	0	1	11	4	0.1911605	systemic_other	hidden_lt0.2	core_exact_n10	False
14:64000000	1	ZBTB1;ZBTB25	2	0	1	1	0	1	10	4	0.21110465	systemic_other	moderate_0.2_0.5	core_exact_n10	False
15:49000000	1	DTWD1;SECISBP2L	2	0	1	1	0	1	9	4	0.23128498	systemic_non_neural	moderate_0.2_0.5	lower_recurrence_exact	False
17:11500000	1	MAP2K4;ZNF18	2	0	1	1	0	1	10	4	0.20322615	systemic_other	moderate_0.2_0.5	core_exact_n10	False
17:29000000	1	MYO18A;NUFIP2	2	0	1	1	0	1	8	4	0.24686666	neuro_systemic	moderate_0.2_0.5	lower_recurrence_exact	False
17:41500000	1	CNP;DNAJC7	2	0	1	1	0	1	7	4	0.23043399	systemic_non_neural	moderate_0.2_0.5	lower_recurrence_exact	False
17:48000000	1	HOXB3;HOXB6	2	0	1	1	0	1	13	4	0.2861855	neural_enriched	moderate_0.2_0.5	core_exact_n10	False
18:24000000	1	CABYR;OSBPL1A	2	0	1	1	0	1	11	4	0.1398399	systemic_other	hidden_lt0.2	core_exact_n10	False
19:16500000	1	SMIM7;TMEM38A	2	0	1	1	0	1	7	4	0.2047888	systemic_non_neural	moderate_0.2_0.5	lower_recurrence_exact	False
19:48000000	1	CYTH2;KCNJ14	2	0	1	1	0	1	8	4	0.20350038	systemic_non_neural	moderate_0.2_0.5	lower_recurrence_exact	False
19:48500000	1	GYS1;NUCB1;RUVBL2	3	0	1	1	0	1	6	4	0.21229462	systemic_non_neural	moderate_0.2_0.5	lower_recurrence_exact	False
1:205500000	1	ELK4;MFSD4A	2	0	1	1	0	1	7	4	0.20143165	neuro_systemic	moderate_0.2_0.5	lower_recurrence_exact	False
20:18000000	1	DTD1;DZANK1;SEC23B	3	0	1	1	0	1	15	4	0.19289179	neural_enriched	hidden_lt0.2	core_exact_n10	False
20:25000000	1	ABHD12;ENTPD6;PYGB	3	0	1	1	0	1	6	4	0.22639383	systemic_non_neural	moderate_0.2_0.5	lower_recurrence_exact	False
22:24500000	1	GGT1;LRRC75B	2	0	1	1	0	1	8	4	0.24025474	neuro_systemic	moderate_0.2_0.5	lower_recurrence_exact	False
22:26000000	1	HPS4;SRRD	2	0	1	1	0	1	8	4	0.20331544	systemic_non_neural	moderate_0.2_0.5	lower_recurrence_exact	False
2:112500000	1	IL36RN;IL37;PSD4	3	0	1	1	0	1	8	4	0.38852778	neuro_systemic	moderate_0.2_0.5	lower_recurrence_exact	False
2:169500000	1	FASTKD1;PPIG	2	0	1	1	0	1	7	4	0.348564	neuro_systemic	moderate_0.2_0.5	lower_recurrence_exact	False
2:186000000	1	FAM171B;ITGAV	2	0	1	1	0	1	4	4	0.3595456	systemic_non_neural	moderate_0.2_0.5	lower_recurrence_exact	False
2:46500000	1	ATP6V1E2;PIGF;RHOQ	3	0	1	1	0	1	6	4	0.20262714	neuro_systemic	moderate_0.2_0.5	lower_recurrence_exact	False
2:55000000	1	CCDC88A;CLHC1	2	0	1	1	0	1	7	4	0.20252559	systemic_non_neural	moderate_0.2_0.5	lower_recurrence_exact	False
2:95500000	1	ADRA2B;ASTL;CIAO1;STARD7;TMEM127	5	0	1	1	0	1	8	4	0.3412514	systemic_non_neural	moderate_0.2_0.5	lower_recurrence_exact	False
3:13000000	1	FBLN2;HDAC11	2	0	1	1	0	1	7	4	0.23188013	systemic_non_neural	moderate_0.2_0.5	lower_recurrence_exact	False
3:179000000	1	PIK3CA;ZNF639	2	0	1	1	0	1	7	4	0.20656647	neuro_systemic	moderate_0.2_0.5	lower_recurrence_exact	False
3:25500000	1	NGLY1;OXSM	2	0	1	1	0	1	4	4	0.26991495	systemic_non_neural	moderate_0.2_0.5	lower_recurrence_exact	False
3:44500000	1	TCAIM;TMEM42;ZKSCAN7;ZNF197;ZNF35;ZNF445;ZNF501;ZNF502;ZNF660;ZNF852	10	0	1	1	0	1	4	4	0.20354721	systemic_non_neural	moderate_0.2_0.5	lower_recurrence_exact	False
5:39000000	1	OSMR;RICTOR	2	0	1	1	0	1	5	4	0.20432311	neuro_systemic	moderate_0.2_0.5	lower_recurrence_exact	False
7:150500000	1	GIMAP1;GIMAP5;GIMAP8	3	0	1	1	0	1	7	4	0.2064534	neuro_systemic	moderate_0.2_0.5	lower_recurrence_exact	False
8:11000000	1	FAM167A;FDFT1	2	0	1	1	0	1	9	4	0.27014324	systemic_non_neural	moderate_0.2_0.5	lower_recurrence_exact	False
8:22500000	1	PPP3CC;SORBS3	2	0	1	1	0	1	12	4	0.30657485	neural_enriched	moderate_0.2_0.5	core_exact_n10	False
8:28000000	1	FBXO16;FZD3;ZNF395	3	0	1	1	0	1	13	4	0.3351294	systemic_other	moderate_0.2_0.5	core_exact_n10	False
9:128000000	1	NAIF1;SLC25A25	2	0	1	1	0	1	11	4	0.2807361	neural_enriched	moderate_0.2_0.5	core_exact_n10	False
9:133000000	1	ADAMTS13;CACFD1;MED22;SURF1;SURF2;SURF6	6	0	1	1	0	1	8	4	0.22487718	systemic_non_neural	moderate_0.2_0.5	lower_recurrence_exact	False
17:78500000	3	CANT1;TIMP2;USP36	3	3	0	3	0	3	10	3	0.2446734	systemic_other	moderate_0.2_0.5	core_exact_n10;lower_recurrence_exact	False
14:102000000	2	ANKRD9;CINP;HSP90AA1;WDR20	4	1	1	2	0	2	4	3	0.225648665	systemic_other	moderate_0.2_0.5	lower_recurrence_exact	False
17:4000000	2	ANKFY1;CYB5D2;UBE2G1;ZZEF1	4	0	2	2	0	2	4	3	0.21553896500000003	systemic_other	moderate_0.2_0.5	lower_recurrence_exact	False
19:49500000	2	ATF5;CPT1C;NOSIP;PRR12;PRRG2;SCAF1	6	1	1	2	0	2	4	3	0.20898252	systemic_other	moderate_0.2_0.5	lower_recurrence_exact	False
11:74000000	1	DNAJB13;UCP2	2	0	1	1	0	1	4	3	0.20373255	neural_enriched	moderate_0.2_0.5	lower_recurrence_exact	False
12:111500000	1	MAPKAPK5;TMEM116	2	0	1	1	0	1	4	3	0.21743222	systemic_other	moderate_0.2_0.5	lower_recurrence_exact	False
13:75500000	1	COMMD6;UCHL3	2	0	1	1	0	1	3	3	0.20449166	systemic_other	moderate_0.2_0.5	lower_recurrence_exact	False
14:21000000	1	METTL3;RAB2B;SALL2;TOX4	4	0	1	1	0	1	4	3	0.22173904	systemic_other	moderate_0.2_0.5	lower_recurrence_exact	False
14:44500000	1	FANCM;KLHL28;MIS18BP1	3	0	1	1	0	1	4	3	0.21659723	systemic_other	moderate_0.2_0.5	lower_recurrence_exact	False
14:74000000	1	ABCD4;LIN52	2	0	1	1	0	1	4	3	0.20587976	systemic_other	moderate_0.2_0.5	lower_recurrence_exact	False
15:40500000	1	DNAJC17;KNL1;RAD51;ZFYVE19	4	0	1	1	0	1	11	3	0.29438058	neural_enriched	moderate_0.2_0.5	core_exact_n10	False
16:3000000	1	IL32;ZNF205;ZNF213	3	0	1	1	0	1	4	3	0.2021635	systemic_other	moderate_0.2_0.5	lower_recurrence_exact	False
16:67000000	1	ATP6V0D1;C16ORF86;DPEP3;PARD6A	4	0	1	1	0	1	3	3	0.27483034	systemic_other	moderate_0.2_0.5	lower_recurrence_exact	False
16:71500000	1	IST1;PHLPP2;ZNF19	3	0	1	1	0	1	11	3	0.49269354	neural_enriched	moderate_0.2_0.5	core_exact_n10	False
17:73000000	1	C17ORF80;COG1	2	0	1	1	0	1	3	3	0.25450704	systemic_other	moderate_0.2_0.5	lower_recurrence_exact	False
18:9000000	1	RALBP1;TWSG1	2	0	1	1	0	1	4	3	0.2160285	systemic_other	moderate_0.2_0.5	lower_recurrence_exact	False
19:14500000	1	ADGRE2;ZNF333	2	0	1	1	0	1	3	3	0.20461261	systemic_other	moderate_0.2_0.5	lower_recurrence_exact	False
19:5500000	1	FUT6;NDUFA11;VMAC	3	0	1	1	0	1	4	3	0.25880498	systemic_other	moderate_0.2_0.5	lower_recurrence_exact	False
1:32000000	1	BSDC1;FNDC5	2	0	1	1	0	1	11	3	0.22677803	systemic_other	moderate_0.2_0.5	core_exact_n10	False
1:44500000	1	BEST4;UROD	2	0	1	1	0	1	3	3	0.24345134	neural_enriched	moderate_0.2_0.5	lower_recurrence_exact	False
1:86500000	1	HS2ST1;SELENOF	2	0	1	1	0	1	4	3	0.22171466	systemic_other	moderate_0.2_0.5	lower_recurrence_exact	False
21:33000000	1	IL10RB;TMEM50B	2	0	1	1	0	1	3	3	0.24132973	neural_enriched	moderate_0.2_0.5	lower_recurrence_exact	False
22:31000000	1	DEPDC5;LIMK2;PRR14L;SMTN	4	0	1	1	0	1	4	3	0.39484495	neural_enriched	moderate_0.2_0.5	lower_recurrence_exact	False
22:41500000	1	CCDC134;CENPM;CSDC2;L3MBTL2;PMM1;POLR3H;RANGAP1;SNU13;SREBF2;TEF	10	0	1	1	0	1	3	3	0.21695296	neural_enriched	moderate_0.2_0.5	lower_recurrence_exact	False
2:27000000	1	FNDC4;GCKR;SNX17	3	0	1	1	0	1	3	3	0.39058092	systemic_other	moderate_0.2_0.5	lower_recurrence_exact	False
2:9500000	1	CPSF3;ITGB1BP1	2	0	1	1	0	1	3	3	0.21386045	systemic_other	moderate_0.2_0.5	lower_recurrence_exact	False
2:96500000	1	ANKRD36;CIAO1;CNNM4;LMAN2L;STARD7	5	0	1	1	0	1	3	3	0.21017502	systemic_other	moderate_0.2_0.5	lower_recurrence_exact	False
3:138500000	1	CEP70;PIK3CB	2	0	1	1	0	1	4	3	0.2521449	neural_enriched	moderate_0.2_0.5	lower_recurrence_exact	False
3:52000000	1	GLYCTK;SEMA3G;TLR9;WDR82	4	0	1	1	0	1	3	3	0.20467669	systemic_other	moderate_0.2_0.5	lower_recurrence_exact	False
4:103000000	1	BDH2;CISD2;MANBA;NFKB1;UBE2D3	5	0	1	1	0	1	4	3	0.20227882	neural_enriched	moderate_0.2_0.5	lower_recurrence_exact	False
4:128500000	1	C4ORF33;SCLT1	2	0	1	1	0	1	4	3	0.27505913	neural_enriched	moderate_0.2_0.5	lower_recurrence_exact	False
4:78500000	1	BMP2K;PAQR3	2	0	1	1	0	1	4	3	0.3840053	neural_enriched	moderate_0.2_0.5	lower_recurrence_exact	False
5:176000000	1	CLTB;FAF2;RNF44	3	0	1	1	0	1	3	3	0.20347807	systemic_other	moderate_0.2_0.5	lower_recurrence_exact	False
5:43000000	1	C5ORF34;CCL28;NNT;PAIP1	4	0	1	1	0	1	3	3	0.22904155	systemic_other	moderate_0.2_0.5	lower_recurrence_exact	False
6:127000000	1	ECHDC1;SOGA3	2	0	1	1	0	1	4	3	0.31101128	systemic_other	moderate_0.2_0.5	lower_recurrence_exact	False
6:149000000	1	GINM1;NUP43;PCMT1	3	0	1	1	0	1	3	3	0.31423762	systemic_other	moderate_0.2_0.5	lower_recurrence_exact	False
6:26000000	1	BTN2A2;BTN3A1;BTN3A2;BTN3A3;HMGN4	5	0	1	1	0	1	3	3	0.20948766	neural_enriched	moderate_0.2_0.5	lower_recurrence_exact	False
6:35000000	1	PPARD;ZNF76	2	0	1	1	0	1	3	3	0.22357285	systemic_other	moderate_0.2_0.5	lower_recurrence_exact	False
6:35500000	1	ARMC12;FKBP5	2	0	1	1	0	1	3	3	0.2251365	systemic_other	moderate_0.2_0.5	lower_recurrence_exact	False
6:36000000	1	KCTD20;STK38	2	0	1	1	0	1	4	3	0.21450098	systemic_other	moderate_0.2_0.5	lower_recurrence_exact	False
6:42000000	1	GUCA1A;MRPS10	2	0	1	1	0	1	3	3	0.40158135	neural_enriched	moderate_0.2_0.5	lower_recurrence_exact	False
7:35000000	1	DPY19L1;TBX20	2	0	1	1	0	1	4	3	0.23433435	systemic_other	moderate_0.2_0.5	lower_recurrence_exact	False
8:103000000	1	BAALC;DCAF13;FZD6;SLC25A32	4	0	1	1	0	1	13	3	0.3079376	systemic_other	moderate_0.2_0.5	core_exact_n10	False
8:54000000	1	LYPLA1;MRPL15	2	0	1	1	0	1	3	3	0.26511773	neural_enriched	moderate_0.2_0.5	lower_recurrence_exact	False
9:112000000	1	KIAA1958;PTBP3;SUSD1	3	0	1	1	0	1	4	3	0.21635497	systemic_other	moderate_0.2_0.5	lower_recurrence_exact	False
9:37000000	1	GRHPR;ZBTB5	2	0	1	1	0	1	4	3	0.21804003	systemic_other	moderate_0.2_0.5	lower_recurrence_exact	False
13:20500000	1	IL17D;XPO4	2	0	1	1	0	1	10	2	0.3491683	systemic_other	moderate_0.2_0.5	core_exact_n10	False
1:16000000	1	FBXO42;SZRD1	2	0	1	1	0	1	10	2	0.21109232	systemic_other	moderate_0.2_0.5	core_exact_n10	False
