locus_500kb	gene_symbol	representative_variant	position	source_set	score_band	primary_axis	n_traits	n_families	max_score	variants_in_locus	catalog_distinct_exact_rsid_count	three_dimensional_link_count	mechanism_readiness
1:35000000	ZMYM1	rs2971408	1:35097364	core_exact_n10	moderate_0.2_0.5	systemic_non_neural	23	12	0.46175954	1	1	1	clean_single_gene_3d_supported
5:134500000	SAR1B	rs4958192	5:134638199	core_exact_n10	moderate_0.2_0.5	mixed_trait_axis	23	11	0.46100512	2	2	2	clean_single_gene_3d_supported
10:124000000	CHST15	rs4929814	10:124084023	core_exact_n10	moderate_0.2_0.5	mixed_trait_axis	19	11	0.26054198	1	1	1	clean_single_gene_3d_supported
14:34000000	SPTSSA	rs12892302	14:34497730	core_exact_n10	moderate_0.2_0.5	systemic_non_neural	24	10	0.2323478	3	3	3	clean_single_gene_3d_supported
16:15000000	RRN3	rs2941266	16:15141783	core_exact_n10	moderate_0.2_0.5	systemic_non_neural	19	10	0.4024217	3	3	3	clean_single_gene_3d_supported
11:8000000	EIF3F	rs11041706	11:8002921	core_exact_n10	hidden_lt0.2	neuro_systemic	18	10	0.17257445	2	2	2	clean_single_gene_3d_supported
13:37000000	SUPT20H	rs9603126	13:37000571	core_exact_n10	moderate_0.2_0.5	neuro_systemic	22	10	0.23050864	1	1	1	clean_single_gene_3d_supported
4:173000000	HAND2	rs920625	4:173499832	core_exact_n10	moderate_0.2_0.5	systemic_non_neural	21	10	0.2239998	1	1	1	clean_single_gene_3d_supported
3:9000000	SETD5	rs2596915	3:9498000	core_exact_n10	moderate_0.2_0.5	mixed_trait_axis	16	10	0.28435963	1	1	1	clean_single_gene_3d_supported
18:62500000	PHLPP1	rs500978	18:62851130	core_exact_n10	moderate_0.2_0.5	mixed_trait_axis	22	9	0.32843453	2	2	2	clean_single_gene_3d_supported
7:130000000	COPG2	rs4731694	7:130490328	core_exact_n10	moderate_0.2_0.5	mixed_trait_axis	21	9	0.25664318	2	2	2	clean_single_gene_3d_supported
3:123000000	MYLK	rs6794826	3:123498402	core_exact_n10	moderate_0.2_0.5	mixed_trait_axis	29	9	0.31995428	1	1	1	clean_single_gene_3d_supported
14:71500000	SIPA1L1	rs8017465	14:71650439	core_exact_n10	moderate_0.2_0.5	mixed_trait_axis	15	9	0.2764333	1	1	1	clean_single_gene_3d_supported
11:36500000	PRR5L	rs5030416	11:36510938	core_exact_n10	moderate_0.2_0.5	neuro_systemic	13	8	0.3036965	3	3	3	clean_single_gene_3d_supported
13:44000000	TSC22D1	rs4941501	13:44402548	core_exact_n10	moderate_0.2_0.5	systemic_non_neural	12	8	0.2440332	3	3	3	clean_single_gene_3d_supported
13:27000000	USP12	rs7981153	13:27259230	core_exact_n10	hidden_lt0.2	systemic_non_neural	10	8	0.17107771	3	3	3	clean_single_gene_3d_supported
1:207500000	CD55	rs12075933	1:207502508	core_exact_n10	hidden_lt0.2	neuro_systemic	17	8	0.16595727	2	2	2	clean_single_gene_3d_supported
14:96500000	ATG2B	rs4544182	14:96502831	core_exact_n10	moderate_0.2_0.5	mixed_trait_axis	29	8	0.30477127	1	1	1	clean_single_gene_3d_supported
5:131000000	HINT1	rs6872533	5:131315518	core_exact_n10	moderate_0.2_0.5	neuro_systemic	24	8	0.45805997	1	1	1	clean_single_gene_3d_supported
4:118500000	PRSS12	rs298982	4:118683854	core_exact_n10	moderate_0.2_0.5	mixed_trait_axis	19	8	0.40410706	1	1	1	clean_single_gene_3d_supported
1:155000000	ASH1L	rs11264369	1:155390039	core_exact_n10	moderate_0.2_0.5	systemic_non_neural	17	8	0.35158294	1	1	1	clean_single_gene_3d_supported
5:1000000	LPCAT1	rs36993	5:1495648	core_exact_n10	moderate_0.2_0.5	systemic_non_neural	17	8	0.25108108	1	1	1	clean_single_gene_3d_supported
17:56500000	SCPEP1	rs4793837	17:56994685	core_exact_n10	moderate_0.2_0.5	systemic_non_neural	14	8	0.29950815	1	1	1	clean_single_gene_3d_supported
16:18500000	COQ7	rs7403903	16:18997617	core_exact_n10	moderate_0.2_0.5	mixed_trait_axis	14	8	0.26177144	1	1	1	clean_single_gene_3d_supported
5:88500000	MEF2C	rs186233	5:88838102	core_exact_n10	moderate_0.2_0.5	mixed_trait_axis	14	8	0.24009176	1	1	1	clean_single_gene_3d_supported
20:4500000	SLC23A2	rs2681118	20:4987356	core_exact_n10	moderate_0.2_0.5	systemic_non_neural	14	8	0.23698272	1	1	1	clean_single_gene_3d_supported
14:103500000	ZFYVE21	rs1535100	14:103727859	core_exact_n10	moderate_0.2_0.5	mixed_trait_axis	13	8	0.24813111	1	1	1	clean_single_gene_3d_supported
11:6000000	TIMM10B	rs2555159	11:6497555	core_exact_n10	hidden_lt0.2	systemic_non_neural	12	8	0.19951889	1	1	1	clean_single_gene_3d_supported
7:155000000	HTR5A	rs306289	7:155008174	core_exact_n10	hidden_lt0.2	neuro_systemic	11	8	0.15042229	1	1	1	clean_single_gene_3d_supported
19:13000000	DAND5	rs75783493	19:13001454	core_exact_n10	moderate_0.2_0.5	neuro_systemic	10	8	0.2683672	1	1	1	clean_single_gene_3d_supported
3:170000000	PRKCI	rs1705580	3:170279227	core_exact_n10	hidden_lt0.2	systemic_non_neural	10	8	0.18568529	1	1	1	clean_single_gene_3d_supported
13:25000000	MTMR6	rs9507499	13:25319083	core_exact_n10	hidden_lt0.2	mixed_trait_axis	10	8	0.18242027	1	1	1	clean_single_gene_3d_supported
15:44000000	TRIM69	rs2706475	15:44156311	core_exact_n10	hidden_lt0.2	neuro_systemic	10	8	0.12427373	1	1	1	clean_single_gene_3d_supported
8:140000000	CHRAC1	rs11780595	8:140496804	core_exact_n10	moderate_0.2_0.5	systemic_non_neural	12	7	0.30589476	3	3	3	clean_single_gene_3d_supported
8:37500000	RAB11FIP1	rs7820872	8:37870501	core_exact_n10	moderate_0.2_0.5	mixed_trait_axis	11	7	0.20403448	3	3	3	clean_single_gene_3d_supported
2:88500000	EIF2AK3	rs335124	2:88752509	core_exact_n10	hidden_lt0.2	neuro_systemic	16	7	0.18651083	2	2	2	clean_single_gene_3d_supported
10:5500000	NET1	rs12412562	10:5501383	core_exact_n10	moderate_0.2_0.5	systemic_non_neural	12	7	0.25121662	2	2	2	clean_single_gene_3d_supported
14:60500000	SIX1	rs10144292	14:60819774	lower_recurrence_exact	moderate_0.2_0.5	neuro_systemic	8	7	0.44875693	2	2	2	clean_single_gene_3d_supported
9:113500000	RGS3	rs7857217	9:113503080	lower_recurrence_exact	moderate_0.2_0.5	neuro_systemic	7	7	0.23403314	2	2	2	clean_single_gene_3d_supported
8:42500000	FNTA	rs6474422	8:42850559	core_exact_n10	moderate_0.2_0.5	systemic_non_neural	21	7	0.48303956	1	1	1	clean_single_gene_3d_supported
10:131500000	PPP2R2D	rs4880334	10:131932974	core_exact_n10	moderate_0.2_0.5	neuro_systemic	21	7	0.34593493	1	1	1	clean_single_gene_3d_supported
13:66500000	PCDH9	rs7336507	13:66996977	core_exact_n10	hidden_lt0.2	systemic_non_neural	17	7	0.19396389	1	1	1	clean_single_gene_3d_supported
17:44000000	TMUB2	rs7218599	17:44170978	core_exact_n10	moderate_0.2_0.5	systemic_non_neural	16	7	0.28500232	1	1	1	clean_single_gene_3d_supported
14:105000000	TEX22	rs7144389	14:105433481	core_exact_n10	moderate_0.2_0.5	systemic_non_neural	15	7	0.45560998	1	1	1	clean_single_gene_3d_supported
5:180500000	MGAT1	rs2619756	5:180858668	core_exact_n10	moderate_0.2_0.5	systemic_non_neural	15	7	0.34369087	1	1	1	clean_single_gene_3d_supported
12:64000000	XPOT	rs6581555	12:64383924	core_exact_n10	moderate_0.2_0.5	mixed_trait_axis	15	7	0.31441027	1	1	1	clean_single_gene_3d_supported
12:5000000	NTF3	rs7488316	12:5497206	core_exact_n10	moderate_0.2_0.5	mixed_trait_axis	15	7	0.24790183	1	1	1	clean_single_gene_3d_supported
1:78000000	PTGFR	rs1417103	1:78333607	core_exact_n10	moderate_0.2_0.5	neuro_systemic	14	7	0.26907963	1	1	1	clean_single_gene_3d_supported
4:99500000	DNAJB14	rs10015491	4:99994813	core_exact_n10	hidden_lt0.2	mixed_trait_axis	14	7	0.18480353	1	1	1	clean_single_gene_3d_supported
4:158000000	RXFP1	rs7376477	4:158496634	core_exact_n10	moderate_0.2_0.5	systemic_non_neural	13	7	0.2154307	1	1	1	clean_single_gene_3d_supported
1:213000000	ANGEL2	rs7533253	1:213124943	core_exact_n10	moderate_0.2_0.5	mixed_trait_axis	12	7	0.34939244	1	1	1	clean_single_gene_3d_supported
8:79500000	MRPS28	rs7014295	8:79996994	core_exact_n10	moderate_0.2_0.5	systemic_non_neural	12	7	0.30930957	1	1	1	clean_single_gene_3d_supported
3:23500000	NKIRAS1	rs6550828	3:23996182	core_exact_n10	moderate_0.2_0.5	systemic_non_neural	12	7	0.3054224	1	1	1	clean_single_gene_3d_supported
18:49000000	DYM	rs7505245	18:49413246	core_exact_n10	moderate_0.2_0.5	systemic_non_neural	12	7	0.29294616	1	1	1	clean_single_gene_3d_supported
2:174500000	CHN1	rs3771917	2:174972115	core_exact_n10	moderate_0.2_0.5	systemic_non_neural	12	7	0.2458652	1	1	1	clean_single_gene_3d_supported
20:500000	CSNK2A1	rs6037819	20:504677	core_exact_n10	moderate_0.2_0.5	neuro_systemic	12	7	0.2439202	1	1	1	clean_single_gene_3d_supported
8:53500000	ATP6V1H	rs6981243	8:53953931	core_exact_n10	moderate_0.2_0.5	mixed_trait_axis	12	7	0.20595601	1	1	1	clean_single_gene_3d_supported
9:83000000	RASEF	rs17397432	9:83013154	core_exact_n10	hidden_lt0.2	mixed_trait_axis	12	7	0.15571268	1	1	1	clean_single_gene_3d_supported
8:48000000	MCM4	rs118051587	8:48000210	core_exact_n10	hidden_lt0.2	neuro_systemic	12	7	0.14979969	1	1	1	clean_single_gene_3d_supported
1:84500000	SSX2IP	rs312395	1:84509277	core_exact_n10	hidden_lt0.2	neuro_systemic	12	7	0.14137763	1	1	1	clean_single_gene_3d_supported
1:28500000	PHACTR4	rs6704457	1:28738527	core_exact_n10	moderate_0.2_0.5	systemic_non_neural	11	7	0.2728703	1	1	1	clean_single_gene_3d_supported
3:72500000	SHQ1	rs2679208	3:72738289	core_exact_n10	hidden_lt0.2	systemic_non_neural	11	7	0.17597632	1	1	1	clean_single_gene_3d_supported
18:13500000	FAM210A	rs948276	18:13665590	core_exact_n10	hidden_lt0.2	mixed_trait_axis	11	7	0.1688971	1	1	1	clean_single_gene_3d_supported
8:33000000	FUT10	rs11774193	8:33106451	core_exact_n10	moderate_0.2_0.5	neuro_systemic	10	7	0.20569615	1	1	1	clean_single_gene_3d_supported
13:110000000	IRS2	rs2225778	13:110005737	core_exact_n10	moderate_0.2_0.5	systemic_non_neural	10	7	0.20564176	1	1	1	clean_single_gene_3d_supported
16:20500000	ERI2	rs7195273	16:20890191	core_exact_n10	hidden_lt0.2	systemic_non_neural	10	7	0.19304791	1	1	1	clean_single_gene_3d_supported
18:46000000	C18ORF25	rs6507678	18:46184922	core_exact_n10	hidden_lt0.2	mixed_trait_axis	10	7	0.1893956	1	1	1	clean_single_gene_3d_supported
9:89500000	SEMA4D	rs11265780	9:89501649	core_exact_n10	hidden_lt0.2	mixed_trait_axis	10	7	0.14201194	1	1	1	clean_single_gene_3d_supported
22:20000000	DGCR6L	rs741413	22:20298576	lower_recurrence_exact	moderate_0.2_0.5	systemic_non_neural	9	7	0.24974678	1	1	1	clean_single_gene_3d_supported
15:63500000	DAPK2	rs11639443	15:63996706	core_exact_n10	moderate_0.2_0.5	systemic_non_neural	14	6	0.22261186	4	4	4	clean_single_gene_3d_supported
10:500000	DIP2C	rs10904535	10:650297	core_exact_n10	moderate_0.2_0.5	systemic_non_neural	21	6	0.344278	3	3	3	clean_single_gene_3d_supported
3:50500000	MAPKAPK3	rs35694819	3:50515725	core_exact_n10	hidden_lt0.2	neuro_systemic	10	6	0.13267395	3	3	3	clean_single_gene_3d_supported
1:89500000	LRRC8D	rs6690747	1:89997331	lower_recurrence_exact	moderate_0.2_0.5	systemic_non_neural	7	6	0.2556837	3	3	3	clean_single_gene_3d_supported
21:46500000	PRMT2	rs8131044	21:46667934	core_exact_n10	moderate_0.2_0.5	systemic_non_neural	18	6	0.35225326	2	2	2	clean_single_gene_3d_supported
2:178000000	PRKRA	rs1559908	2:178471620	core_exact_n10	moderate_0.2_0.5	systemic_non_neural	14	6	0.21630341	2	2	2	clean_single_gene_3d_supported
16:70000000	IL34	rs2303793	16:70496456	core_exact_n10	moderate_0.2_0.5	neural_enriched	13	6	0.29716876	2	2	2	clean_single_gene_3d_supported
11:34000000	NAT10	rs12577490	11:34007218	core_exact_n10	hidden_lt0.2	neuro_systemic	12	6	0.1470105	2	2	2	clean_single_gene_3d_supported
1:94000000	ABCD3	rs6675959	1:94233562	core_exact_n10	moderate_0.2_0.5	systemic_non_neural	11	6	0.30305836	2	2	2	clean_single_gene_3d_supported
9:96500000	HABP4	rs16912150	9:96515337	core_exact_n10	moderate_0.2_0.5	neural_enriched	11	6	0.2922082	2	2	2	clean_single_gene_3d_supported
12:12000000	LRP6	rs7134001	12:12239425	core_exact_n10	moderate_0.2_0.5	neuro_systemic	11	6	0.2733038	2	2	2	clean_single_gene_3d_supported
2:188000000	GULP1	rs7420808	2:188498089	core_exact_n10	moderate_0.2_0.5	systemic_non_neural	10	6	0.2381467	2	2	2	clean_single_gene_3d_supported
8:119500000	DEPTOR	rs6469882	8:119998232	core_exact_n10	hidden_lt0.2	systemic_non_neural	10	6	0.19048919	2	2	2	clean_single_gene_3d_supported
12:51000000	SLC4A8	rs7961653	12:51481916	lower_recurrence_exact	moderate_0.2_0.5	systemic_non_neural	9	6	0.3849715	2	2	2	clean_single_gene_3d_supported
11:70000000	PPFIA1	rs2509158	11:70231855	lower_recurrence_exact	moderate_0.2_0.5	neuro_systemic	9	6	0.2507474	2	2	2	clean_single_gene_3d_supported
12:45000000	ANO6	rs2012937	12:45280678	lower_recurrence_exact	moderate_0.2_0.5	systemic_non_neural	9	6	0.20257641	2	2	2	clean_single_gene_3d_supported
15:65500000	DENND4A	rs10851749	15:65828861	lower_recurrence_exact	moderate_0.2_0.5	systemic_non_neural	7	6	0.23962246	2	2	2	clean_single_gene_3d_supported
2:148500000	KIF5C	rs4346318	2:148922389	core_exact_n10	moderate_0.2_0.5	systemic_non_neural	22	6	0.25860217	1	1	1	clean_single_gene_3d_supported
5:103000000	PAM	rs26256	5:103216312	core_exact_n10	moderate_0.2_0.5	neuro_systemic	16	6	0.33150136	1	1	1	clean_single_gene_3d_supported
19:45500000	NOVA2	rs8111976	19:45996279	core_exact_n10	moderate_0.2_0.5	systemic_non_neural	14	6	0.37322596	1	1	1	clean_single_gene_3d_supported
2:158500000	TANC1	rs1522696	2:158932073	core_exact_n10	moderate_0.2_0.5	systemic_non_neural	14	6	0.2542335	1	1	1	clean_single_gene_3d_supported
8:92500000	TRIQK	rs440973	8:92965568	core_exact_n10	moderate_0.2_0.5	neural_enriched	14	6	0.21759877	1	1	1	clean_single_gene_3d_supported
16:21500000	OTOA	rs194548	16:21597151	core_exact_n10	hidden_lt0.2	systemic_non_neural	14	6	0.18687293	1	1	1	clean_single_gene_3d_supported
7:74500000	GTF2I	rs1421658986	7:74988062	core_exact_n10	moderate_0.2_0.5	neuro_systemic	13	6	0.35947543	1	1	1	clean_single_gene_3d_supported
6:73000000	MTO1	rs658475	6:73485808	core_exact_n10	moderate_0.2_0.5	neural_enriched	13	6	0.30149883	1	1	1	clean_single_gene_3d_supported
1:160000000	NCSTN	rs2066320	1:160305644	core_exact_n10	moderate_0.2_0.5	systemic_non_neural	13	6	0.25264356	1	1	1	clean_single_gene_3d_supported
12:45500000	SCAF11	rs11574952	12:45992032	core_exact_n10	hidden_lt0.2	systemic_non_neural	13	6	0.17721967	1	1	1	clean_single_gene_3d_supported
12:133000000	ZNF26	rs937538	12:133033656	core_exact_n10	moderate_0.2_0.5	neuro_systemic	12	6	0.3370792	1	1	1	clean_single_gene_3d_supported
8:93500000	PDP1	rs3134031	8:93795937	core_exact_n10	moderate_0.2_0.5	systemic_non_neural	12	6	0.33080122	1	1	1	clean_single_gene_3d_supported
11:9500000	SWAP70	rs10743113	11:9626777	core_exact_n10	moderate_0.2_0.5	systemic_non_neural	12	6	0.21773435	1	1	1	clean_single_gene_3d_supported
1:235500000	LYST	rs6668242	1:235838479	core_exact_n10	moderate_0.2_0.5	neural_enriched	11	6	0.34933478	1	1	1	clean_single_gene_3d_supported
3:48500000	PRKAR2A	rs9859473	3:48799749	core_exact_n10	moderate_0.2_0.5	systemic_non_neural	11	6	0.2423783	1	1	1	clean_single_gene_3d_supported
14:50000000	MAP4K5	rs4898660	14:50478110	core_exact_n10	moderate_0.2_0.5	systemic_non_neural	11	6	0.22516881	1	1	1	clean_single_gene_3d_supported
2:229500000	TRIP12	rs1599843	2:229802854	core_exact_n10	moderate_0.2_0.5	systemic_non_neural	11	6	0.22059461	1	1	1	clean_single_gene_3d_supported
2:20000000	WDR35	rs6734005	2:20001697	core_exact_n10	moderate_0.2_0.5	neural_enriched	11	6	0.2131798	1	1	1	clean_single_gene_3d_supported
18:35000000	ZNF397	rs4799791	18:35252619	core_exact_n10	hidden_lt0.2	systemic_non_neural	11	6	0.18903604	1	1	1	clean_single_gene_3d_supported
9:122500000	RABGAP1	rs2791438	9:122978819	core_exact_n10	hidden_lt0.2	systemic_non_neural	11	6	0.17332315	1	1	1	clean_single_gene_3d_supported
11:109500000	ZC3H12C	rs1648144	11:109998576	core_exact_n10	hidden_lt0.2	neural_enriched	11	6	0.16593246	1	1	1	clean_single_gene_3d_supported
18:51000000	SMAD4	rs12456284	18:51083598	core_exact_n10	hidden_lt0.2	neural_enriched	11	6	0.1484959	1	1	1	clean_single_gene_3d_supported
8:81000000	PMP2	rs7004393	8:81497119	core_exact_n10	moderate_0.2_0.5	neural_enriched	10	6	0.39424363	1	1	1	clean_single_gene_3d_supported
2:101000000	CNOT11	rs1660695	2:101219039	core_exact_n10	moderate_0.2_0.5	systemic_non_neural	10	6	0.24018703	1	1	1	clean_single_gene_3d_supported
15:55500000	NEDD4	rs1509408	15:55994115	core_exact_n10	moderate_0.2_0.5	systemic_non_neural	10	6	0.22452748	1	1	1	clean_single_gene_3d_supported
3:48000000	MAP4	rs17079910	3:48015657	core_exact_n10	moderate_0.2_0.5	neural_enriched	10	6	0.21527304	1	1	1	clean_single_gene_3d_supported
22:20500000	LZTR1	rs178297	22:20999039	core_exact_n10	moderate_0.2_0.5	neural_enriched	10	6	0.20346299	1	1	1	clean_single_gene_3d_supported
5:1500000	LPCAT1	rs7706238	5:1500001	core_exact_n10	hidden_lt0.2	neuro_systemic	10	6	0.19862124	1	1	1	clean_single_gene_3d_supported
18:55000000	CCDC68	rs72934617	18:55000647	core_exact_n10	hidden_lt0.2	neuro_systemic	10	6	0.18109782	1	1	1	clean_single_gene_3d_supported
2:86500000	CD8A	rs2271666	2:86770425	core_exact_n10	hidden_lt0.2	neuro_systemic	10	6	0.17630027	1	1	1	clean_single_gene_3d_supported
16:54500000	IRX5	rs8045838	16:54942584	core_exact_n10	hidden_lt0.2	systemic_non_neural	10	6	0.17198023	1	1	1	clean_single_gene_3d_supported
9:111000000	LPAR1	rs10739312	9:111013503	core_exact_n10	hidden_lt0.2	neural_enriched	10	6	0.14814708	1	1	1	clean_single_gene_3d_supported
4:72500000	ADAMTS3	rs1085952	4:72505983	core_exact_n10	hidden_lt0.2	neuro_systemic	10	6	0.14322874	1	1	1	clean_single_gene_3d_supported
20:17500000	BFSP1	rs4052812	20:17505647	core_exact_n10	hidden_lt0.2	systemic_non_neural	10	6	0.13141513	1	1	1	clean_single_gene_3d_supported
21:31500000	HUNK	rs2070372	21:31999227	core_exact_n10	hidden_lt0.2	neural_enriched	10	6	0.122277856	1	1	1	clean_single_gene_3d_supported
11:63500000	RTN3	rs474548	11:63716104	lower_recurrence_exact	moderate_0.2_0.5	systemic_non_neural	9	6	0.25868052	1	1	1	clean_single_gene_3d_supported
10:129500000	EBF3	rs556327	10:129949441	lower_recurrence_exact	moderate_0.2_0.5	systemic_non_neural	9	6	0.24678005	1	1	1	clean_single_gene_3d_supported
13:98500000	STK24	rs9517327	13:98502081	lower_recurrence_exact	moderate_0.2_0.5	systemic_non_neural	9	6	0.23688363	1	1	1	clean_single_gene_3d_supported
12:500000	RAD52	rs7138367	12:968728	lower_recurrence_exact	moderate_0.2_0.5	neuro_systemic	9	6	0.2186527	1	1	1	clean_single_gene_3d_supported
19:46000000	PPP5C	rs8100021	19:46303373	lower_recurrence_exact	moderate_0.2_0.5	systemic_non_neural	9	6	0.20584333	1	1	1	clean_single_gene_3d_supported
5:156000000	SGCD	rs4704994	5:156202345	lower_recurrence_exact	moderate_0.2_0.5	neuro_systemic	8	6	0.30365306	1	1	1	clean_single_gene_3d_supported
10:96500000	TLL2	rs11188801	10:96500713	lower_recurrence_exact	moderate_0.2_0.5	neuro_systemic	8	6	0.2197214	1	1	1	clean_single_gene_3d_supported
2:208000000	IDH1	rs10202116	2:208244034	lower_recurrence_exact	moderate_0.2_0.5	neuro_systemic	8	6	0.20511453	1	1	1	clean_single_gene_3d_supported
9:87500000	CDK20	rs2947237	9:87951654	lower_recurrence_exact	moderate_0.2_0.5	systemic_non_neural	7	6	0.4174169	1	1	1	clean_single_gene_3d_supported
9:134000000	WDR5	rs6479642	9:134123074	lower_recurrence_exact	moderate_0.2_0.5	systemic_non_neural	7	6	0.27638552	1	1	1	clean_single_gene_3d_supported
12:76500000	CSRP2	rs1017784	12:76764639	lower_recurrence_exact	moderate_0.2_0.5	systemic_non_neural	7	6	0.2285663	1	1	1	clean_single_gene_3d_supported
20:53500000	ZNF217	rs4811449	20:53652626	lower_recurrence_exact	moderate_0.2_0.5	systemic_non_neural	6	6	0.22958575	1	1	1	clean_single_gene_3d_supported
17:74000000	GPRC5C	rs4789658	17:74393387	core_exact_n10	moderate_0.2_0.5	systemic_non_neural	12	5	0.23031814	3	3	3	clean_single_gene_3d_supported
19:7000000	ADGRE1	rs11665875	19:7000390	core_exact_n10	moderate_0.2_0.5	neural_enriched	17	5	0.27091548	2	2	2	clean_single_gene_3d_supported
4:147500000	TMEM184C	rs4835093	4:147734125	core_exact_n10	moderate_0.2_0.5	neural_enriched	15	5	0.4178407	2	2	2	clean_single_gene_3d_supported
14:23500000	NGDN	rs69931	14:23509624	core_exact_n10	moderate_0.2_0.5	neuro_systemic	14	5	0.24547188	2	2	2	clean_single_gene_3d_supported
15:59000000	FAM81A	rs4291860	15:59492135	core_exact_n10	moderate_0.2_0.5	systemic_non_neural	13	5	0.37161914	2	2	2	clean_single_gene_3d_supported
18:21500000	MIB1	rs8092100	18:21823475	core_exact_n10	hidden_lt0.2	systemic_non_neural	12	5	0.19018203	2	2	2	clean_single_gene_3d_supported
7:130500000	COPG2	rs765205	7:130500925	core_exact_n10	hidden_lt0.2	neuro_systemic	12	5	0.14271972	2	2	2	clean_single_gene_3d_supported
16:57500000	KIFC3	rs4255774	16:57812873	core_exact_n10	moderate_0.2_0.5	systemic_other	11	5	0.2703454	2	2	2	clean_single_gene_3d_supported
2:161000000	TANK	rs10164593	2:161125461	core_exact_n10	hidden_lt0.2	neural_enriched	11	5	0.1716581	2	2	2	clean_single_gene_3d_supported
1:38500000	NDUFS5	rs4336843	1:38985716	core_exact_n10	moderate_0.2_0.5	systemic_non_neural	10	5	0.20605004	2	2	2	clean_single_gene_3d_supported
2:25500000	RAB10	rs7596494	2:25993251	lower_recurrence_exact	moderate_0.2_0.5	systemic_non_neural	8	5	0.2649117	2	2	2	clean_single_gene_3d_supported
3:53000000	DCP1A	rs6806814	3:53323991	lower_recurrence_exact	moderate_0.2_0.5	systemic_non_neural	7	5	0.24737561	2	2	2	clean_single_gene_3d_supported
14:34500000	SNX6	rs10136826	14:34594262	core_exact_n10	moderate_0.2_0.5	neural_enriched	20	5	0.39068308	1	1	1	clean_single_gene_3d_supported
4:124500000	ANKRD50	rs13135635	4:124998769	core_exact_n10	moderate_0.2_0.5	neural_enriched	19	5	0.24692222	1	1	1	clean_single_gene_3d_supported
15:71000000	LARP6	rs1561691	15:71050653	core_exact_n10	moderate_0.2_0.5	systemic_non_neural	15	5	0.45313054	1	1	1	clean_single_gene_3d_supported
5:76000000	IQGAP2	rs6880993	5:76450988	core_exact_n10	moderate_0.2_0.5	neuro_systemic	15	5	0.23719953	1	1	1	clean_single_gene_3d_supported
3:15500000	COLQ	rs4685251	3:15520739	core_exact_n10	hidden_lt0.2	neural_enriched	14	5	0.15631208	1	1	1	clean_single_gene_3d_supported
11:120500000	POU2F3	rs1287160	11:120505159	core_exact_n10	moderate_0.2_0.5	systemic_non_neural	13	5	0.27600095	1	1	1	clean_single_gene_3d_supported
8:48500000	SNAI2	rs1126259	8:48734876	core_exact_n10	moderate_0.2_0.5	systemic_non_neural	12	5	0.29230833	1	1	1	clean_single_gene_3d_supported
10:132000000	INPP5A	rs10747060	10:132471503	core_exact_n10	moderate_0.2_0.5	systemic_non_neural	12	5	0.22927201	1	1	1	clean_single_gene_3d_supported
19:4500000	PLIN3	rs11881908	19:4852513	core_exact_n10	moderate_0.2_0.5	systemic_non_neural	12	5	0.22425106	1	1	1	clean_single_gene_3d_supported
13:73000000	KLF5	rs1029092	13:73000276	core_exact_n10	hidden_lt0.2	systemic_non_neural	12	5	0.16041136	1	1	1	clean_single_gene_3d_supported
11:66500000	C11ORF80	rs470300	11:66622215	core_exact_n10	moderate_0.2_0.5	systemic_non_neural	11	5	0.33698657	1	1	1	clean_single_gene_3d_supported
5:168500000	PANK3	rs292489	5:168589995	core_exact_n10	moderate_0.2_0.5	neuro_systemic	11	5	0.31976795	1	1	1	clean_single_gene_3d_supported
2:73500000	TPRKB	rs2685277	2:73783138	core_exact_n10	moderate_0.2_0.5	neuro_systemic	11	5	0.2973263	1	1	1	clean_single_gene_3d_supported
4:88000000	PYURF	rs9784397	4:88455565	core_exact_n10	moderate_0.2_0.5	systemic_non_neural	11	5	0.2757119	1	1	1	clean_single_gene_3d_supported
3:193500000	MB21D2	rs281797	3:193593967	core_exact_n10	moderate_0.2_0.5	neural_enriched	11	5	0.2431515	1	1	1	clean_single_gene_3d_supported
6:135500000	AHI1	rs7771001	6:135506613	core_exact_n10	moderate_0.2_0.5	systemic_non_neural	11	5	0.23987214	1	1	1	clean_single_gene_3d_supported
15:92500000	CHD2	rs10852181	15:92869548	core_exact_n10	moderate_0.2_0.5	systemic_non_neural	11	5	0.20597163	1	1	1	clean_single_gene_3d_supported
2:119500000	EPB41L5	rs7578989	2:119994766	core_exact_n10	hidden_lt0.2	systemic_other	11	5	0.1808661	1	1	1	clean_single_gene_3d_supported
6:37500000	ZFAND3	rs2180514	6:37868275	core_exact_n10	hidden_lt0.2	systemic_non_neural	11	5	0.18028206	1	1	1	clean_single_gene_3d_supported
11:106000000	GUCY1A2	rs591957	11:106306841	core_exact_n10	hidden_lt0.2	systemic_non_neural	11	5	0.17825884	1	1	1	clean_single_gene_3d_supported
2:110000000	MALL	rs737182	2:110105777	core_exact_n10	hidden_lt0.2	neural_enriched	11	5	0.16705908	1	1	1	clean_single_gene_3d_supported
17:65000000	RGS9	rs62065481	17:65008273	core_exact_n10	hidden_lt0.2	neuro_systemic	11	5	0.16344683	1	1	1	clean_single_gene_3d_supported
11:17000000	NUCB2	rs7108861	11:17233454	core_exact_n10	moderate_0.2_0.5	systemic_non_neural	10	5	0.39703804	1	1	1	clean_single_gene_3d_supported
15:72500000	NEO1	rs7496513	15:72998351	core_exact_n10	moderate_0.2_0.5	systemic_other	10	5	0.28714615	1	1	1	clean_single_gene_3d_supported
19:15000000	AKAP8L	rs56825447	19:15298836	core_exact_n10	moderate_0.2_0.5	neural_enriched	10	5	0.27893135	1	1	1	clean_single_gene_3d_supported
2:101500000	MAP4K4	rs2066942	2:101829265	core_exact_n10	moderate_0.2_0.5	systemic_non_neural	10	5	0.2713216	1	1	1	clean_single_gene_3d_supported
11:9000000	ZNF143	rs729313	11:9480200	core_exact_n10	moderate_0.2_0.5	systemic_non_neural	10	5	0.23954	1	1	1	clean_single_gene_3d_supported
12:122500000	ABCB9	rs1037593	12:122884582	core_exact_n10	moderate_0.2_0.5	systemic_non_neural	10	5	0.22516997	1	1	1	clean_single_gene_3d_supported
18:50500000	ME2	rs686709	18:50891600	core_exact_n10	hidden_lt0.2	systemic_non_neural	10	5	0.19610316	1	1	1	clean_single_gene_3d_supported
10:114000000	ABLIM1	rs2497701	10:114499620	core_exact_n10	hidden_lt0.2	systemic_other	10	5	0.1946367	1	1	1	clean_single_gene_3d_supported
3:179500000	NDUFB5	rs4147788	3:179613390	core_exact_n10	hidden_lt0.2	neuro_systemic	10	5	0.18029892	1	1	1	clean_single_gene_3d_supported
13:21000000	MICU2	rs1744907	13:21475186	core_exact_n10	hidden_lt0.2	systemic_other	10	5	0.16769068	1	1	1	clean_single_gene_3d_supported
8:28500000	EXTL3	rs352428	8:28621375	core_exact_n10	hidden_lt0.2	neural_enriched	10	5	0.15660706	1	1	1	clean_single_gene_3d_supported
7:121000000	CPED1	rs41703	7:121003876	core_exact_n10	hidden_lt0.2	neuro_systemic	10	5	0.14599815	1	1	1	clean_single_gene_3d_supported
2:149000000	KIF5C	rs6721330	2:149002392	core_exact_n10	hidden_lt0.2	neural_enriched	10	5	0.13847694	1	1	1	clean_single_gene_3d_supported
16:1500000	IFT140	rs8059926	16:1711318	lower_recurrence_exact	moderate_0.2_0.5	neuro_systemic	9	5	0.3699632	1	1	1	clean_single_gene_3d_supported
12:64500000	TBC1D30	rs10784422	12:64818983	lower_recurrence_exact	moderate_0.2_0.5	systemic_non_neural	9	5	0.32026148	1	1	1	clean_single_gene_3d_supported
10:84000000	CCSER2	rs7095983	10:84374498	lower_recurrence_exact	moderate_0.2_0.5	neuro_systemic	9	5	0.25084415	1	1	1	clean_single_gene_3d_supported
6:56500000	DST	rs1870639	6:56862021	lower_recurrence_exact	moderate_0.2_0.5	neuro_systemic	9	5	0.23615813	1	1	1	clean_single_gene_3d_supported
7:98500000	TRRAP	rs1685124	7:98853887	lower_recurrence_exact	moderate_0.2_0.5	systemic_non_neural	9	5	0.23238145	1	1	1	clean_single_gene_3d_supported
12:66000000	TMBIM4	rs1152918	12:66242522	lower_recurrence_exact	moderate_0.2_0.5	neuro_systemic	9	5	0.22115763	1	1	1	clean_single_gene_3d_supported
17:45000000	MAP3K14	rs1000354	17:45336085	lower_recurrence_exact	moderate_0.2_0.5	systemic_non_neural	9	5	0.21639639	1	1	1	clean_single_gene_3d_supported
14:63500000	SYNE2	rs7153036	14:63910830	lower_recurrence_exact	moderate_0.2_0.5	neuro_systemic	9	5	0.21307173	1	1	1	clean_single_gene_3d_supported
18:12500000	PTPN2	rs637643	18:12857762	lower_recurrence_exact	moderate_0.2_0.5	systemic_non_neural	9	5	0.21136874	1	1	1	clean_single_gene_3d_supported
6:166000000	PRR18	rs7758459	6:166333276	lower_recurrence_exact	moderate_0.2_0.5	systemic_non_neural	9	5	0.21059498	1	1	1	clean_single_gene_3d_supported
9:34500000	CNTFR	rs7044318	9:34555001	lower_recurrence_exact	moderate_0.2_0.5	neuro_systemic	9	5	0.20536134	1	1	1	clean_single_gene_3d_supported
7:116500000	CAPZA2	rs9649395	7:116927595	lower_recurrence_exact	moderate_0.2_0.5	neuro_systemic	8	5	0.35906535	1	1	1	clean_single_gene_3d_supported
3:31500000	STT3B	rs10222558	3:31565288	lower_recurrence_exact	moderate_0.2_0.5	systemic_non_neural	8	5	0.3339761	1	1	1	clean_single_gene_3d_supported
6:38500000	GLO1	rs1739633	6:38649944	lower_recurrence_exact	moderate_0.2_0.5	neuro_systemic	8	5	0.3061127	1	1	1	clean_single_gene_3d_supported
3:111000000	NECTIN3	rs6765948	3:111016708	lower_recurrence_exact	moderate_0.2_0.5	neuro_systemic	8	5	0.26225698	1	1	1	clean_single_gene_3d_supported
15:82500000	C15ORF40	rs1037403	15:82995439	lower_recurrence_exact	moderate_0.2_0.5	systemic_non_neural	8	5	0.23877503	1	1	1	clean_single_gene_3d_supported
3:42500000	HIGD1A	rs339680	3:42756268	lower_recurrence_exact	moderate_0.2_0.5	systemic_non_neural	8	5	0.23782875	1	1	1	clean_single_gene_3d_supported
20:62000000	MTG2	rs4925363	20:62260593	lower_recurrence_exact	moderate_0.2_0.5	systemic_non_neural	8	5	0.21935548	1	1	1	clean_single_gene_3d_supported
5:149500000	CSNK1A1	rs7712431	5:149513538	lower_recurrence_exact	moderate_0.2_0.5	neuro_systemic	8	5	0.21553583	1	1	1	clean_single_gene_3d_supported
1:46000000	NSUN4	rs9793263	1:46256717	lower_recurrence_exact	moderate_0.2_0.5	systemic_non_neural	8	5	0.2117487	1	1	1	clean_single_gene_3d_supported
16:72500000	ZFHX3	rs6499604	16:72998566	lower_recurrence_exact	moderate_0.2_0.5	systemic_non_neural	8	5	0.20670912	1	1	1	clean_single_gene_3d_supported
2:222500000	SGPP2	rs13426706	2:222570049	lower_recurrence_exact	moderate_0.2_0.5	neuro_systemic	8	5	0.20278499	1	1	1	clean_single_gene_3d_supported
22:39500000	FAM83F	rs3021274	22:39999080	lower_recurrence_exact	moderate_0.2_0.5	neuro_systemic	8	5	0.2024594	1	1	1	clean_single_gene_3d_supported
20:21000000	XRN2	rs6035825	20:21280594	lower_recurrence_exact	moderate_0.2_0.5	systemic_non_neural	7	5	0.26477253	1	1	1	clean_single_gene_3d_supported
19:34000000	UBA2	rs4619515	19:34400577	lower_recurrence_exact	moderate_0.2_0.5	systemic_non_neural	7	5	0.26188147	1	1	1	clean_single_gene_3d_supported
7:142500000	TRPV6	rs10243382	7:142997623	lower_recurrence_exact	moderate_0.2_0.5	systemic_non_neural	7	5	0.2477536	1	1	1	clean_single_gene_3d_supported
16:31000000	AHSP	rs10596	16:31477595	lower_recurrence_exact	moderate_0.2_0.5	neuro_systemic	7	5	0.2472073	1	1	1	clean_single_gene_3d_supported
12:57000000	SHMT2	rs7956957	12:57209032	lower_recurrence_exact	moderate_0.2_0.5	systemic_non_neural	7	5	0.24440394	1	1	1	clean_single_gene_3d_supported
1:93000000	DR1	rs2433279	1:93442352	lower_recurrence_exact	moderate_0.2_0.5	systemic_non_neural	7	5	0.22325808	1	1	1	clean_single_gene_3d_supported
12:131500000	MMP17	rs11246801	12:131767238	lower_recurrence_exact	moderate_0.2_0.5	systemic_non_neural	7	5	0.21685387	1	1	1	clean_single_gene_3d_supported
3:154000000	ARHGEF26	rs357496	3:154223594	lower_recurrence_exact	moderate_0.2_0.5	neuro_systemic	7	5	0.21106926	1	1	1	clean_single_gene_3d_supported
1:108500000	FAM102B	rs10776714	1:108627577	lower_recurrence_exact	moderate_0.2_0.5	neuro_systemic	7	5	0.20173472	1	1	1	clean_single_gene_3d_supported
11:27000000	LGR4	rs4617543	11:27460805	lower_recurrence_exact	moderate_0.2_0.5	systemic_non_neural	7	5	0.20149396	1	1	1	clean_single_gene_3d_supported
8:98500000	STK3	rs2922068	8:98913400	lower_recurrence_exact	moderate_0.2_0.5	systemic_non_neural	6	5	0.29952127	1	1	1	clean_single_gene_3d_supported
20:35000000	GDF5	rs224330	20:35434398	lower_recurrence_exact	moderate_0.2_0.5	systemic_non_neural	6	5	0.29076156	1	1	1	clean_single_gene_3d_supported
7:51000000	COBL	rs2215164	7:51251631	lower_recurrence_exact	moderate_0.2_0.5	neuro_systemic	6	5	0.26874703	1	1	1	clean_single_gene_3d_supported
1:68000000	DIRAS3	rs978313	1:68010791	lower_recurrence_exact	moderate_0.2_0.5	neuro_systemic	6	5	0.22089289	1	1	1	clean_single_gene_3d_supported
14:100000000	WDR25	rs1203548	14:100447329	lower_recurrence_exact	moderate_0.2_0.5	systemic_non_neural	6	5	0.22022884	1	1	1	clean_single_gene_3d_supported
2:135500000	ZRANB3	rs2117511	2:135705091	lower_recurrence_exact	moderate_0.2_0.5	systemic_non_neural	6	5	0.2136351	1	1	1	clean_single_gene_3d_supported
20:3500000	RNF24	rs2300217	20:3957928	lower_recurrence_exact	moderate_0.2_0.5	neuro_systemic	6	5	0.21269101	1	1	1	clean_single_gene_3d_supported
5:16500000	MYO10	rs7734046	5:16994695	lower_recurrence_exact	moderate_0.2_0.5	neuro_systemic	6	5	0.21031111	1	1	1	clean_single_gene_3d_supported
11:67500000	NUDT8	rs4646823	11:67666945	lower_recurrence_exact	moderate_0.2_0.5	systemic_non_neural	6	5	0.20559178	1	1	1	clean_single_gene_3d_supported
15:93000000	CHD2	rs1545189	15:93017101	lower_recurrence_exact	moderate_0.2_0.5	systemic_non_neural	5	5	0.22207905	1	1	1	clean_single_gene_3d_supported
6:13500000	RANBP9	rs4715451	6:13638752	lower_recurrence_exact	moderate_0.2_0.5	neuro_systemic	5	5	0.20722133	1	1	1	clean_single_gene_3d_supported
